From;To;active_power_in_watt;volume_flow_natural_gas_in_liter_per_min;volume_flow_nitrogen_in_liter_per_min;
27.05.2021 10:43:00;27.05.2021 10:43:01;2761,96728515625;0;10,733023643493652;
27.05.2021 10:43:01;27.05.2021 10:43:02;2771,986572265625;0;10,733023643493652;
27.05.2021 10:43:02;27.05.2021 10:43:03;2782,124267578125;0;10,733023643493652;
27.05.2021 10:43:03;27.05.2021 10:43:04;2725,368896484375;0;10,733023643493652;
27.05.2021 10:43:04;27.05.2021 10:43:05;2791,34521484375;0;10,733023643493652;
27.05.2021 10:43:05;27.05.2021 10:43:06;2880,966552734375;0;10,733023643493652;
27.05.2021 10:43:06;27.05.2021 10:43:07;2774,968505859375;0;10,733023643493652;
27.05.2021 10:43:07;27.05.2021 10:43:08;2829,171142578125;0;10,733023643493652;
27.05.2021 10:43:08;27.05.2021 10:43:09;3061,470947265625;0;10,733023643493652;
27.05.2021 10:43:09;27.05.2021 10:43:10;3103,8603515625;0;10,733023643493652;
27.05.2021 10:43:10;27.05.2021 10:43:11;3085,681640625;0;2,588270902633667;
27.05.2021 10:43:11;27.05.2021 10:43:12;3087,102294921875;0;2,588270902633667;
27.05.2021 10:43:12;27.05.2021 10:43:13;3093,677734375;0;2,588270902633667;
27.05.2021 10:43:13;27.05.2021 10:43:14;3083,685791015625;0;2,588270902633667;
27.05.2021 10:43:14;27.05.2021 10:43:15;3076,918212890625;0;2,588270902633667;
27.05.2021 10:43:15;27.05.2021 10:43:16;3077,393798828125;0;2,588270902633667;
27.05.2021 10:43:16;27.05.2021 10:43:17;3075,8076171875;0;2,588270902633667;
27.05.2021 10:43:17;27.05.2021 10:43:18;3069,110107421875;0;2,588270902633667;
27.05.2021 10:43:18;27.05.2021 10:43:19;3057,724853515625;0;2,588270902633667;
27.05.2021 10:43:19;27.05.2021 10:43:20;2882,292236328125;0;2,588270902633667;
27.05.2021 10:43:20;27.05.2021 10:43:21;2626,907958984375;0;1,6900260448455811;
27.05.2021 10:43:21;27.05.2021 10:43:22;2753,294189453125;0;1,6900260448455811;
27.05.2021 10:43:22;27.05.2021 10:43:23;2783,863525390625;0;1,6900260448455811;
27.05.2021 10:43:23;27.05.2021 10:43:24;2731,89990234375;0;1,6900260448455811;
27.05.2021 10:43:24;27.05.2021 10:43:25;2718,835693359375;0;1,6900260448455811;
27.05.2021 10:43:25;27.05.2021 10:43:26;2711,0576171875;0;1,6900260448455811;
27.05.2021 10:43:26;27.05.2021 10:43:27;2703,37890625;0;1,6900260448455811;
27.05.2021 10:43:27;27.05.2021 10:43:28;2704,143310546875;0;1,6900260448455811;
27.05.2021 10:43:28;27.05.2021 10:43:29;2711,677978515625;0;1,6900260448455811;
27.05.2021 10:43:29;27.05.2021 10:43:30;2707,495849609375;0;1,6900260448455811;
27.05.2021 10:43:30;27.05.2021 10:43:31;2711,599853515625;0;1,6964284181594849;
27.05.2021 10:43:31;27.05.2021 10:43:32;2707,640625;0;1,6964284181594849;
27.05.2021 10:43:32;27.05.2021 10:43:33;2693,97509765625;0;1,6964284181594849;
27.05.2021 10:43:33;27.05.2021 10:43:34;2710,520263671875;0;1,6964284181594849;
27.05.2021 10:43:34;27.05.2021 10:43:35;2709,58447265625;0;1,6964284181594849;
27.05.2021 10:43:35;27.05.2021 10:43:36;2702,905029296875;0;1,6964284181594849;
27.05.2021 10:43:36;27.05.2021 10:43:37;2709,390625;0;1,6964284181594849;
27.05.2021 10:43:37;27.05.2021 10:43:38;2706,67431640625;0;1,6964284181594849;
27.05.2021 10:43:38;27.05.2021 10:43:39;2708,6064453125;0;1,6964284181594849;
27.05.2021 10:43:39;27.05.2021 10:43:40;2707,149658203125;0;1,6964284181594849;
27.05.2021 10:43:40;27.05.2021 10:43:41;2700,71337890625;0;1,7001363039016724;
27.05.2021 10:43:41;27.05.2021 10:43:42;2716,804443359375;0;1,7001363039016724;
27.05.2021 10:43:42;27.05.2021 10:43:43;2717,25390625;0;1,7001363039016724;
27.05.2021 10:43:43;27.05.2021 10:43:44;2715,082763671875;0;1,7001363039016724;
27.05.2021 10:43:44;27.05.2021 10:43:45;2717,246337890625;0;1,7001363039016724;
27.05.2021 10:43:45;27.05.2021 10:43:46;2712,77197265625;0;1,7001363039016724;
27.05.2021 10:43:46;27.05.2021 10:43:47;2726,765625;0;1,7001363039016724;
27.05.2021 10:43:47;27.05.2021 10:43:48;2725,677978515625;0;1,7001363039016724;
27.05.2021 10:43:48;27.05.2021 10:43:49;2712,877685546875;0;1,7001363039016724;
27.05.2021 10:43:49;27.05.2021 10:43:50;2711,04150390625;0;1,7001363039016724;
27.05.2021 10:43:50;27.05.2021 10:43:51;2710,434326171875;0;1,7032487392425537;
27.05.2021 10:43:51;27.05.2021 10:43:52;2718,684814453125;0;1,7032487392425537;
27.05.2021 10:43:52;27.05.2021 10:43:53;2723,803466796875;0;1,7032487392425537;
27.05.2021 10:43:53;27.05.2021 10:43:54;2717,122314453125;0;1,7032487392425537;
27.05.2021 10:43:54;27.05.2021 10:43:55;2720,6220703125;0;1,7032487392425537;
27.05.2021 10:43:55;27.05.2021 10:43:56;2719,302490234375;0;1,7032487392425537;
27.05.2021 10:43:56;27.05.2021 10:43:57;2715,588134765625;0;1,7032487392425537;
27.05.2021 10:43:57;27.05.2021 10:43:58;2717,22412109375;0;1,7032487392425537;
27.05.2021 10:43:58;27.05.2021 10:43:59;2719,655029296875;0;1,7032487392425537;
27.05.2021 10:43:59;27.05.2021 10:44:00;2726,51025390625;0;1,7032487392425537;
27.05.2021 10:44:00;27.05.2021 10:44:01;2719,965087890625;99,150321960449219;1,710027813911438;
27.05.2021 10:44:01;27.05.2021 10:44:02;2717,741943359375;99,150321960449219;1,710027813911438;
27.05.2021 10:44:02;27.05.2021 10:44:03;2714,244140625;99,150321960449219;1,710027813911438;
27.05.2021 10:44:03;27.05.2021 10:44:04;2718,5537109375;99,150321960449219;1,710027813911438;
27.05.2021 10:44:04;27.05.2021 10:44:05;2729,835693359375;99,150321960449219;1,710027813911438;
27.05.2021 10:44:05;27.05.2021 10:44:06;2728,96923828125;99,150321960449219;1,710027813911438;
27.05.2021 10:44:06;27.05.2021 10:44:07;2706,806640625;99,150321960449219;1,710027813911438;
27.05.2021 10:44:07;27.05.2021 10:44:08;2728,771484375;99,150321960449219;1,710027813911438;
27.05.2021 10:44:08;27.05.2021 10:44:09;1829,5869140625;99,150321960449219;1,710027813911438;
27.05.2021 10:44:09;27.05.2021 10:44:10;1163,2052001953125;99,150321960449219;1,710027813911438;
27.05.2021 10:44:10;27.05.2021 10:44:11;1652,125732421875;199,99967956542969;1,7066667079925537;
27.05.2021 10:44:11;27.05.2021 10:44:12;1597,9356689453125;199,99967956542969;1,7066667079925537;
27.05.2021 10:44:12;27.05.2021 10:44:13;1577,2301025390625;199,99967956542969;1,7066667079925537;
27.05.2021 10:44:13;27.05.2021 10:44:14;1554,2030029296875;199,99967956542969;1,7066667079925537;
27.05.2021 10:44:14;27.05.2021 10:44:15;3823,218505859375;199,99967956542969;1,7066667079925537;
27.05.2021 10:44:15;27.05.2021 10:44:16;4835,98291015625;199,99967956542969;1,7066667079925537;
27.05.2021 10:44:16;27.05.2021 10:44:17;2841,305908203125;199,99967956542969;1,7066667079925537;
27.05.2021 10:44:17;27.05.2021 10:44:18;2809,689208984375;199,99967956542969;1,7066667079925537;
27.05.2021 10:44:18;27.05.2021 10:44:19;2737,537109375;199,99967956542969;1,7066667079925537;
27.05.2021 10:44:19;27.05.2021 10:44:20;2797,240966796875;199,99967956542969;1,7066667079925537;
27.05.2021 10:44:20;27.05.2021 10:44:21;2887,611083984375;200;1,7066667079925537;
27.05.2021 10:44:21;27.05.2021 10:44:22;2760,87841796875;200;1,7066667079925537;
27.05.2021 10:44:22;27.05.2021 10:44:23;2746,96875;200;1,7066667079925537;
27.05.2021 10:44:23;27.05.2021 10:44:24;2743,624267578125;200;1,7066667079925537;
27.05.2021 10:44:24;27.05.2021 10:44:25;2750,80712890625;200;1,7066667079925537;
27.05.2021 10:44:25;27.05.2021 10:44:26;2738,578369140625;200;1,7066667079925537;
27.05.2021 10:44:26;27.05.2021 10:44:27;2733,599609375;200;1,7066667079925537;
27.05.2021 10:44:27;27.05.2021 10:44:28;2741,08544921875;200;1,7066667079925537;
27.05.2021 10:44:28;27.05.2021 10:44:29;2732,47216796875;200;1,7066667079925537;
27.05.2021 10:44:29;27.05.2021 10:44:30;2728,697998046875;200;1,7066667079925537;
27.05.2021 10:44:30;27.05.2021 10:44:31;2736,221435546875;200;1,7001168727874756;
27.05.2021 10:44:31;27.05.2021 10:44:32;2748,485107421875;200;1,7001168727874756;
27.05.2021 10:44:32;27.05.2021 10:44:33;2728,818359375;200;1,7001168727874756;
27.05.2021 10:44:33;27.05.2021 10:44:34;2766,1103515625;200;1,7001168727874756;
27.05.2021 10:44:34;27.05.2021 10:44:35;1872,8197021484375;200;1,7001168727874756;
27.05.2021 10:44:35;27.05.2021 10:44:36;1265,404296875;200;1,7001168727874756;
27.05.2021 10:44:36;27.05.2021 10:44:37;1790,70751953125;200;1,7001168727874756;
27.05.2021 10:44:37;27.05.2021 10:44:38;1584,4296875;200;1,7001168727874756;
27.05.2021 10:44:38;27.05.2021 10:44:39;1470,148681640625;200;1,7001168727874756;
27.05.2021 10:44:39;27.05.2021 10:44:40;1516,4517822265625;200;1,7001168727874756;
27.05.2021 10:44:40;27.05.2021 10:44:41;1644,088623046875;200;1,6999251842498779;
27.05.2021 10:44:41;27.05.2021 10:44:42;3842,294189453125;200;1,6999251842498779;
27.05.2021 10:44:42;27.05.2021 10:44:43;5013,66357421875;200;1,6999251842498779;
27.05.2021 10:44:43;27.05.2021 10:44:44;2906,18212890625;200;1,6999251842498779;
27.05.2021 10:44:44;27.05.2021 10:44:45;2824,19189453125;200;1,6999251842498779;
27.05.2021 10:44:45;27.05.2021 10:44:46;2744,989501953125;200;1,6999251842498779;
27.05.2021 10:44:46;27.05.2021 10:44:47;2800,5673828125;200;1,6999251842498779;
27.05.2021 10:44:47;27.05.2021 10:44:48;2877,0478515625;200;1,6999251842498779;
27.05.2021 10:44:48;27.05.2021 10:44:49;2765,1533203125;200;1,6999251842498779;
27.05.2021 10:44:49;27.05.2021 10:44:50;2747,53515625;200;1,6999251842498779;
27.05.2021 10:44:50;27.05.2021 10:44:51;2754,04443359375;200;1,700054407119751;
27.05.2021 10:44:51;27.05.2021 10:44:52;2745,00537109375;200;1,700054407119751;
27.05.2021 10:44:52;27.05.2021 10:44:53;2734,666748046875;200;1,700054407119751;
27.05.2021 10:44:53;27.05.2021 10:44:54;2732,384765625;200;1,700054407119751;
27.05.2021 10:44:54;27.05.2021 10:44:55;2735,2509765625;200;1,700054407119751;
27.05.2021 10:44:55;27.05.2021 10:44:56;2738,362060546875;200;1,700054407119751;
27.05.2021 10:44:56;27.05.2021 10:44:57;2724,670166015625;200;1,700054407119751;
27.05.2021 10:44:57;27.05.2021 10:44:58;2732,91552734375;200;1,700054407119751;
27.05.2021 10:44:58;27.05.2021 10:44:59;2728,205322265625;200;1,700054407119751;
27.05.2021 10:44:59;27.05.2021 10:45:00;2741,52587890625;200;1,700054407119751;
27.05.2021 10:45:00;27.05.2021 10:45:01;1976,2030029296875;150,56295776367187;1,6999250650405884;
27.05.2021 10:45:01;27.05.2021 10:45:02;1257,81494140625;150,56295776367187;1,6999250650405884;
27.05.2021 10:45:02;27.05.2021 10:45:03;1670,256591796875;150,56295776367187;1,6999250650405884;
27.05.2021 10:45:03;27.05.2021 10:45:04;1616,9285888671875;150,56295776367187;1,6999250650405884;
27.05.2021 10:45:04;27.05.2021 10:45:05;1619,926025390625;150,56295776367187;1,6999250650405884;
27.05.2021 10:45:05;27.05.2021 10:45:06;1550,1927490234375;150,56295776367187;1,6999250650405884;
27.05.2021 10:45:06;27.05.2021 10:45:07;1429,2645263671875;150,56295776367187;1,6999250650405884;
27.05.2021 10:45:07;27.05.2021 10:45:08;1558,7431640625;150,56295776367187;1,6999250650405884;
27.05.2021 10:45:08;27.05.2021 10:45:09;3863,5625;150,56295776367187;1,6999250650405884;
27.05.2021 10:45:09;27.05.2021 10:45:10;5240,5849609375;150,56295776367187;1,6999250650405884;
27.05.2021 10:45:10;27.05.2021 10:45:11;3005,394775390625;100,00204467773437;1,7066664695739746;
27.05.2021 10:45:11;27.05.2021 10:45:12;2830,17431640625;100,00204467773437;1,7066664695739746;
27.05.2021 10:45:12;27.05.2021 10:45:13;2748,4189453125;100,00204467773437;1,7066664695739746;
27.05.2021 10:45:13;27.05.2021 10:45:14;2811,994140625;100,00204467773437;1,7066664695739746;
27.05.2021 10:45:14;27.05.2021 10:45:15;2883,06396484375;100,00204467773437;1,7066664695739746;
27.05.2021 10:45:15;27.05.2021 10:45:16;2772,673828125;100,00204467773437;1,7066664695739746;
27.05.2021 10:45:16;27.05.2021 10:45:17;2757,896728515625;100,00204467773437;1,7066664695739746;
27.05.2021 10:45:17;27.05.2021 10:45:18;2755,864013671875;100,00204467773437;1,7066664695739746;
27.05.2021 10:45:18;27.05.2021 10:45:19;2740,2373046875;100,00204467773437;1,7066664695739746;
27.05.2021 10:45:19;27.05.2021 10:45:20;2730,08740234375;100,00204467773437;1,7066664695739746;
27.05.2021 10:45:20;27.05.2021 10:45:21;2726,498046875;100;1,7066667079925537;
27.05.2021 10:45:21;27.05.2021 10:45:22;2731,57958984375;100;1,7066667079925537;
27.05.2021 10:45:22;27.05.2021 10:45:23;2736,2666015625;100;1,7066667079925537;
27.05.2021 10:45:23;27.05.2021 10:45:24;2748,634033203125;100;1,7066667079925537;
27.05.2021 10:45:24;27.05.2021 10:45:25;2738,215087890625;100;1,7066667079925537;
27.05.2021 10:45:25;27.05.2021 10:45:26;2773,498779296875;100;1,7066667079925537;
27.05.2021 10:45:26;27.05.2021 10:45:27;2468,211181640625;100;1,7066667079925537;
27.05.2021 10:45:27;27.05.2021 10:45:28;1860,5797119140625;100;1,7066667079925537;
27.05.2021 10:45:28;27.05.2021 10:45:29;1716,0181884765625;100;1,7066667079925537;
27.05.2021 10:45:29;27.05.2021 10:45:30;1597,6485595703125;100;1,7066667079925537;
27.05.2021 10:45:30;27.05.2021 10:45:31;1560,3985595703125;100;1,7066667079925537;
27.05.2021 10:45:31;27.05.2021 10:45:32;1485,85498046875;100;1,7066667079925537;
27.05.2021 10:45:32;27.05.2021 10:45:33;1425,705322265625;100;1,7066667079925537;
27.05.2021 10:45:33;27.05.2021 10:45:34;1549,2279052734375;100;1,7066667079925537;
27.05.2021 10:45:34;27.05.2021 10:45:35;3883,914794921875;100;1,7066667079925537;
27.05.2021 10:45:35;27.05.2021 10:45:36;4905,62890625;100;1,7066667079925537;
27.05.2021 10:45:36;27.05.2021 10:45:37;2843,3857421875;100;1,7066667079925537;
27.05.2021 10:45:37;27.05.2021 10:45:38;2818,910400390625;100;1,7066667079925537;
27.05.2021 10:45:38;27.05.2021 10:45:39;2768,50634765625;100;1,7066667079925537;
27.05.2021 10:45:39;27.05.2021 10:45:40;2814,386474609375;100;1,7066667079925537;
27.05.2021 10:45:40;27.05.2021 10:45:41;2882,845947265625;100;1,7066667079925537;
27.05.2021 10:45:41;27.05.2021 10:45:42;2764,371337890625;100;1,7066667079925537;
27.05.2021 10:45:42;27.05.2021 10:45:43;2748,33349609375;100;1,7066667079925537;
27.05.2021 10:45:43;27.05.2021 10:45:44;2752,453857421875;100;1,7066667079925537;
27.05.2021 10:45:44;27.05.2021 10:45:45;2740,992431640625;100;1,7066667079925537;
27.05.2021 10:45:45;27.05.2021 10:45:46;2732,318115234375;100;1,7066667079925537;
27.05.2021 10:45:46;27.05.2021 10:45:47;2727,62744140625;100;1,7066667079925537;
27.05.2021 10:45:47;27.05.2021 10:45:48;2727,143310546875;100;1,7066667079925537;
27.05.2021 10:45:48;27.05.2021 10:45:49;2724,109619140625;100;1,7066667079925537;
27.05.2021 10:45:49;27.05.2021 10:45:50;2723,95849609375;100;1,7066667079925537;
27.05.2021 10:45:50;27.05.2021 10:45:51;2721,75341796875;100;1,7066667079925537;
27.05.2021 10:45:51;27.05.2021 10:45:52;2725,572998046875;100;1,7066667079925537;
27.05.2021 10:45:52;27.05.2021 10:45:53;1891,876953125;100;1,7066667079925537;
27.05.2021 10:45:53;27.05.2021 10:45:54;1328,1839599609375;100;1,7066667079925537;
27.05.2021 10:45:54;27.05.2021 10:45:55;1758,58349609375;100;1,7066667079925537;
27.05.2021 10:45:55;27.05.2021 10:45:56;1607,1090087890625;100;1,7066667079925537;
27.05.2021 10:45:56;27.05.2021 10:45:57;1609,123046875;100;1,7066667079925537;
27.05.2021 10:45:57;27.05.2021 10:45:58;1634,099365234375;100;1,7066667079925537;
27.05.2021 10:45:58;27.05.2021 10:45:59;1597,1724853515625;100;1,7066667079925537;
27.05.2021 10:45:59;27.05.2021 10:46:00;1534,0435791015625;100;1,7066667079925537;
27.05.2021 10:46:00;27.05.2021 10:46:01;1570,5860595703125;51,559505462646484;1,7066667079925537;
27.05.2021 10:46:01;27.05.2021 10:46:02;3782,6435546875;51,559505462646484;1,7066667079925537;
27.05.2021 10:46:02;27.05.2021 10:46:03;4876,9013671875;51,559505462646484;1,7066667079925537;
27.05.2021 10:46:03;27.05.2021 10:46:04;2841,608642578125;51,559505462646484;1,7066667079925537;
27.05.2021 10:46:04;27.05.2021 10:46:05;2809,961181640625;51,559505462646484;1,7066667079925537;
27.05.2021 10:46:05;27.05.2021 10:46:06;2768,0712890625;51,559505462646484;1,7066667079925537;
27.05.2021 10:46:06;27.05.2021 10:46:07;2832,081787109375;51,559505462646484;1,7066667079925537;
27.05.2021 10:46:07;27.05.2021 10:46:08;2894,080322265625;51,559505462646484;1,7066667079925537;
27.05.2021 10:46:08;27.05.2021 10:46:09;2787,86328125;51,559505462646484;1,7066667079925537;
27.05.2021 10:46:09;27.05.2021 10:46:10;2749,709716796875;51,559505462646484;1,7066667079925537;
27.05.2021 10:46:10;27.05.2021 10:46:11;2743,898681640625;0,00049282051622867584;1,7000616788864136;
27.05.2021 10:46:11;27.05.2021 10:46:12;2732,748291015625;0,00049282051622867584;1,7000616788864136;
27.05.2021 10:46:12;27.05.2021 10:46:13;2731,115966796875;0,00049282051622867584;1,7000616788864136;
27.05.2021 10:46:13;27.05.2021 10:46:14;2724,599365234375;0,00049282051622867584;1,7000616788864136;
27.05.2021 10:46:14;27.05.2021 10:46:15;2721,430419921875;0,00049282051622867584;1,7000616788864136;
27.05.2021 10:46:15;27.05.2021 10:46:16;2725,63037109375;0,00049282051622867584;1,7000616788864136;
27.05.2021 10:46:16;27.05.2021 10:46:17;2709,237060546875;0,00049282051622867584;1,7000616788864136;
27.05.2021 10:46:17;27.05.2021 10:46:18;2726,67431640625;0,00049282051622867584;1,7000616788864136;
27.05.2021 10:46:18;27.05.2021 10:46:19;1776,3917236328125;0,00049282051622867584;1,7000616788864136;
27.05.2021 10:46:19;27.05.2021 10:46:20;1106,8629150390625;0,00049282051622867584;1,7000616788864136;
27.05.2021 10:46:20;27.05.2021 10:46:21;1572,4854736328125;0;1,6933335065841675;
27.05.2021 10:46:21;27.05.2021 10:46:22;1557,2315673828125;0;1,6933335065841675;
27.05.2021 10:46:22;27.05.2021 10:46:23;1508,0675048828125;0;1,6933335065841675;
27.05.2021 10:46:23;27.05.2021 10:46:24;1543,76513671875;0;1,6933335065841675;
27.05.2021 10:46:24;27.05.2021 10:46:25;1506,871826171875;0;1,6933335065841675;
27.05.2021 10:46:25;27.05.2021 10:46:26;1499,44482421875;0;1,6933335065841675;
27.05.2021 10:46:26;27.05.2021 10:46:27;1589,0618896484375;0;1,6933335065841675;
27.05.2021 10:46:27;27.05.2021 10:46:28;2812,226318359375;0;1,6933335065841675;
27.05.2021 10:46:28;27.05.2021 10:46:29;3606,03955078125;0;1,6933335065841675;
27.05.2021 10:46:29;27.05.2021 10:46:30;2851,187255859375;0;1,6933335065841675;
27.05.2021 10:46:30;27.05.2021 10:46:31;2801,69140625;0;1,6933332681655884;
27.05.2021 10:46:31;27.05.2021 10:46:32;2750,89794921875;0;1,6933332681655884;
27.05.2021 10:46:32;27.05.2021 10:46:33;2804,978759765625;0;1,6933332681655884;
27.05.2021 10:46:33;27.05.2021 10:46:34;2896,612060546875;0;1,6933332681655884;
27.05.2021 10:46:34;27.05.2021 10:46:35;2785,08984375;0;1,6933332681655884;
27.05.2021 10:46:35;27.05.2021 10:46:36;2744,4375;0;1,6933332681655884;
27.05.2021 10:46:36;27.05.2021 10:46:37;2733,39208984375;0;1,6933332681655884;
27.05.2021 10:46:37;27.05.2021 10:46:38;2726,873291015625;0;1,6933332681655884;
27.05.2021 10:46:38;27.05.2021 10:46:39;2724,25390625;0;1,6933332681655884;
27.05.2021 10:46:39;27.05.2021 10:46:40;2717,941650390625;0;1,6933332681655884;
27.05.2021 10:46:40;27.05.2021 10:46:41;2721,27587890625;0;1,6933332681655884;
27.05.2021 10:46:41;27.05.2021 10:46:42;2714,351806640625;0;1,6933332681655884;
27.05.2021 10:46:42;27.05.2021 10:46:43;2667,42529296875;0;1,6933332681655884;
27.05.2021 10:46:43;27.05.2021 10:46:44;2676,020751953125;0;1,6933332681655884;
27.05.2021 10:46:44;27.05.2021 10:46:45;1845,3350830078125;0;1,6933332681655884;
27.05.2021 10:46:45;27.05.2021 10:46:46;1263,612060546875;0;1,6933332681655884;
27.05.2021 10:46:46;27.05.2021 10:46:47;1718,05126953125;0;1,6933332681655884;
27.05.2021 10:46:47;27.05.2021 10:46:48;1506,848388671875;0;1,6933332681655884;
27.05.2021 10:46:48;27.05.2021 10:46:49;1485,3968505859375;0;1,6933332681655884;
27.05.2021 10:46:49;27.05.2021 10:46:50;1553,5654296875;0;1,6933332681655884;
27.05.2021 10:46:50;27.05.2021 10:46:51;1520,605224609375;0;1,69989812374115;
27.05.2021 10:46:51;27.05.2021 10:46:52;1576,3740234375;0;1,69989812374115;
27.05.2021 10:46:52;27.05.2021 10:46:53;1618,0291748046875;0;1,69989812374115;
27.05.2021 10:46:53;27.05.2021 10:46:54;3095,74267578125;0;1,69989812374115;
27.05.2021 10:46:54;27.05.2021 10:46:55;3903,83984375;0;1,69989812374115;
27.05.2021 10:46:55;27.05.2021 10:46:56;2872,567626953125;0;1,69989812374115;
27.05.2021 10:46:56;27.05.2021 10:46:57;2802,15576171875;0;1,69989812374115;
27.05.2021 10:46:57;27.05.2021 10:46:58;2730,403076171875;0;1,69989812374115;
27.05.2021 10:46:58;27.05.2021 10:46:59;2787,439208984375;0;1,69989812374115;
27.05.2021 10:46:59;27.05.2021 10:47:00;2909,641845703125;0;1,69989812374115;
27.05.2021 10:47:00;27.05.2021 10:47:01;2810,456787109375;48,925830841064453;1,7066659927368164;
27.05.2021 10:47:01;27.05.2021 10:47:02;2737,608642578125;48,925830841064453;1,7066659927368164;
27.05.2021 10:47:02;27.05.2021 10:47:03;2723,714111328125;48,925830841064453;1,7066659927368164;
27.05.2021 10:47:03;27.05.2021 10:47:04;2720,72802734375;48,925830841064453;1,7066659927368164;
27.05.2021 10:47:04;27.05.2021 10:47:05;2713,2353515625;48,925830841064453;1,7066659927368164;
27.05.2021 10:47:05;27.05.2021 10:47:06;2720,803955078125;48,925830841064453;1,7066659927368164;
27.05.2021 10:47:06;27.05.2021 10:47:07;2717,299072265625;48,925830841064453;1,7066659927368164;
27.05.2021 10:47:07;27.05.2021 10:47:08;2714,326171875;48,925830841064453;1,7066659927368164;
27.05.2021 10:47:08;27.05.2021 10:47:09;2679,041748046875;48,925830841064453;1,7066659927368164;
27.05.2021 10:47:09;27.05.2021 10:47:10;2683,47412109375;48,925830841064453;1,7066659927368164;
27.05.2021 10:47:10;27.05.2021 10:47:11;2037,94921875;99,994171142578125;1,7066667079925537;
27.05.2021 10:47:11;27.05.2021 10:47:12;1307,2872314453125;99,994171142578125;1,7066667079925537;
27.05.2021 10:47:12;27.05.2021 10:47:13;1739,79052734375;99,994171142578125;1,7066667079925537;
27.05.2021 10:47:13;27.05.2021 10:47:14;1561,2789306640625;99,994171142578125;1,7066667079925537;
27.05.2021 10:47:14;27.05.2021 10:47:15;1566,103515625;99,994171142578125;1,7066667079925537;
27.05.2021 10:47:15;27.05.2021 10:47:16;1562,2213134765625;99,994171142578125;1,7066667079925537;
27.05.2021 10:47:16;27.05.2021 10:47:17;1579,3583984375;99,994171142578125;1,7066667079925537;
27.05.2021 10:47:17;27.05.2021 10:47:18;1570,095458984375;99,994171142578125;1,7066667079925537;
27.05.2021 10:47:18;27.05.2021 10:47:19;1540,9500732421875;99,994171142578125;1,7066667079925537;
27.05.2021 10:47:19;27.05.2021 10:47:20;1531,7462158203125;99,994171142578125;1,7066667079925537;
27.05.2021 10:47:20;27.05.2021 10:47:21;2709,87255859375;100;1,7066667079925537;
27.05.2021 10:47:21;27.05.2021 10:47:22;3632,59619140625;100;1,7066667079925537;
27.05.2021 10:47:22;27.05.2021 10:47:23;2831,87451171875;100;1,7066667079925537;
27.05.2021 10:47:23;27.05.2021 10:47:24;2764,615234375;100;1,7066667079925537;
27.05.2021 10:47:24;27.05.2021 10:47:25;2694,10693359375;100;1,7066667079925537;
27.05.2021 10:47:25;27.05.2021 10:47:26;2791,72021484375;100;1,7066667079925537;
27.05.2021 10:47:26;27.05.2021 10:47:27;2882,67822265625;100;1,7066667079925537;
27.05.2021 10:47:27;27.05.2021 10:47:28;2773,226318359375;100;1,7066667079925537;
27.05.2021 10:47:28;27.05.2021 10:47:29;2739,87353515625;100;1,7066667079925537;
27.05.2021 10:47:29;27.05.2021 10:47:30;2736,59423828125;100;1,7066667079925537;
27.05.2021 10:47:30;27.05.2021 10:47:31;2721,92529296875;100;1,7066667079925537;
27.05.2021 10:47:31;27.05.2021 10:47:32;2715,6357421875;100;1,7066667079925537;
27.05.2021 10:47:32;27.05.2021 10:47:33;2714,16162109375;100;1,7066667079925537;
27.05.2021 10:47:33;27.05.2021 10:47:34;2709,46826171875;100;1,7066667079925537;
27.05.2021 10:47:34;27.05.2021 10:47:35;2705,558349609375;100;1,7066667079925537;
27.05.2021 10:47:35;27.05.2021 10:47:36;2742,238037109375;100;1,7066667079925537;
27.05.2021 10:47:36;27.05.2021 10:47:37;1833,9510498046875;100;1,7066667079925537;
27.05.2021 10:47:37;27.05.2021 10:47:38;1300,75634765625;100;1,7066667079925537;
27.05.2021 10:47:38;27.05.2021 10:47:39;1688,156494140625;100;1,7066667079925537;
27.05.2021 10:47:39;27.05.2021 10:47:40;1503,928466796875;100;1,7066667079925537;
27.05.2021 10:47:40;27.05.2021 10:47:41;1568,6151123046875;100;1,7066667079925537;
27.05.2021 10:47:41;27.05.2021 10:47:42;1582,514892578125;100;1,7066667079925537;
27.05.2021 10:47:42;27.05.2021 10:47:43;1618,1805419921875;100;1,7066667079925537;
27.05.2021 10:47:43;27.05.2021 10:47:44;1459,962890625;100;1,7066667079925537;
27.05.2021 10:47:44;27.05.2021 10:47:45;1465,41064453125;100;1,7066667079925537;
27.05.2021 10:47:45;27.05.2021 10:47:46;3828,309326171875;100;1,7066667079925537;
27.05.2021 10:47:46;27.05.2021 10:47:47;4976,732421875;100;1,7066667079925537;
27.05.2021 10:47:47;27.05.2021 10:47:48;2831,92919921875;100;1,7066667079925537;
27.05.2021 10:47:48;27.05.2021 10:47:49;2777,0673828125;100;1,7066667079925537;
27.05.2021 10:47:49;27.05.2021 10:47:50;2783,0791015625;100;1,7066667079925537;
27.05.2021 10:47:50;27.05.2021 10:47:51;2852,732421875;100;1,7001113891601562;
27.05.2021 10:47:51;27.05.2021 10:47:52;2865,637451171875;100;1,7001113891601562;
27.05.2021 10:47:52;27.05.2021 10:47:53;2761,083984375;100;1,7001113891601562;
27.05.2021 10:47:53;27.05.2021 10:47:54;2729,352783203125;100;1,7001113891601562;
27.05.2021 10:47:54;27.05.2021 10:47:55;2717,955078125;100;1,7001113891601562;
27.05.2021 10:47:55;27.05.2021 10:47:56;2717,380126953125;100;1,7001113891601562;
27.05.2021 10:47:56;27.05.2021 10:47:57;2714,45703125;100;1,7001113891601562;
27.05.2021 10:47:57;27.05.2021 10:47:58;2711,954345703125;100;1,7001113891601562;
27.05.2021 10:47:58;27.05.2021 10:47:59;2711,692626953125;100;1,7001113891601562;
27.05.2021 10:47:59;27.05.2021 10:48:00;2718,09375;100;1,7001113891601562;
27.05.2021 10:48:00;27.05.2021 10:48:01;2745,91015625;100;1,699910044670105;
27.05.2021 10:48:01;27.05.2021 10:48:02;1806,9005126953125;100;1,699910044670105;
27.05.2021 10:48:02;27.05.2021 10:48:03;1206,58203125;100;1,699910044670105;
27.05.2021 10:48:03;27.05.2021 10:48:04;1584,9603271484375;100;1,699910044670105;
27.05.2021 10:48:04;27.05.2021 10:48:05;1424,8463134765625;100;1,699910044670105;
27.05.2021 10:48:05;27.05.2021 10:48:06;1520,9371337890625;100;1,699910044670105;
27.05.2021 10:48:06;27.05.2021 10:48:07;1518,0081787109375;100;1,699910044670105;
27.05.2021 10:48:07;27.05.2021 10:48:08;1529,156005859375;100;1,699910044670105;
27.05.2021 10:48:08;27.05.2021 10:48:09;1596,9471435546875;100;1,699910044670105;
27.05.2021 10:48:09;27.05.2021 10:48:10;1545,0205078125;100;1,699910044670105;
27.05.2021 10:48:10;27.05.2021 10:48:11;1519,8135986328125;100;1,7066665887832642;
27.05.2021 10:48:11;27.05.2021 10:48:12;1581,408935546875;100;1,7066665887832642;
27.05.2021 10:48:12;27.05.2021 10:48:13;3802,290771484375;100;1,7066665887832642;
27.05.2021 10:48:13;27.05.2021 10:48:14;5002,07958984375;100;1,7066665887832642;
27.05.2021 10:48:14;27.05.2021 10:48:15;2842,902099609375;100;1,7066665887832642;
27.05.2021 10:48:15;27.05.2021 10:48:16;2782,767578125;100;1,7066665887832642;
27.05.2021 10:48:16;27.05.2021 10:48:17;2722,5419921875;100;1,7066665887832642;
27.05.2021 10:48:17;27.05.2021 10:48:18;2778,986083984375;100;1,7066665887832642;
27.05.2021 10:48:18;27.05.2021 10:48:19;2862,81201171875;100;1,7066665887832642;
27.05.2021 10:48:19;27.05.2021 10:48:20;2760,46484375;100;1,7066665887832642;
27.05.2021 10:48:20;27.05.2021 10:48:21;2729,497802734375;100;1,7066667079925537;
27.05.2021 10:48:21;27.05.2021 10:48:22;2722,64306640625;100;1,7066667079925537;
27.05.2021 10:48:22;27.05.2021 10:48:23;2718,8798828125;100;1,7066667079925537;
27.05.2021 10:48:23;27.05.2021 10:48:24;2718,943359375;100;1,7066667079925537;
27.05.2021 10:48:24;27.05.2021 10:48:25;2715,693359375;100;1,7066667079925537;
27.05.2021 10:48:25;27.05.2021 10:48:26;2717,742431640625;100;1,7066667079925537;
27.05.2021 10:48:26;27.05.2021 10:48:27;2724,34033203125;100;1,7066667079925537;
27.05.2021 10:48:27;27.05.2021 10:48:28;2755,6728515625;100;1,7066667079925537;
27.05.2021 10:48:28;27.05.2021 10:48:29;1830,6824951171875;100;1,7066667079925537;
27.05.2021 10:48:29;27.05.2021 10:48:30;1032,06396484375;100;1,7066667079925537;
27.05.2021 10:48:30;27.05.2021 10:48:31;1501,5440673828125;100;1,7066667079925537;
27.05.2021 10:48:31;27.05.2021 10:48:32;1508,4417724609375;100;1,7066667079925537;
27.05.2021 10:48:32;27.05.2021 10:48:33;1549,8604736328125;100;1,7066667079925537;
27.05.2021 10:48:33;27.05.2021 10:48:34;1490,383056640625;100;1,7066667079925537;
27.05.2021 10:48:34;27.05.2021 10:48:35;1496,136474609375;100;1,7066667079925537;
27.05.2021 10:48:35;27.05.2021 10:48:36;1560,252685546875;100;1,7066667079925537;
27.05.2021 10:48:36;27.05.2021 10:48:37;1561,7193603515625;100;1,7066667079925537;
27.05.2021 10:48:37;27.05.2021 10:48:38;1591,8740234375;100;1,7066667079925537;
27.05.2021 10:48:38;27.05.2021 10:48:39;1598,26611328125;100;1,7066667079925537;
27.05.2021 10:48:39;27.05.2021 10:48:40;1742,9986572265625;100;1,7066667079925537;
27.05.2021 10:48:40;27.05.2021 10:48:41;2137,557373046875;100;1,7066667079925537;
27.05.2021 10:48:41;27.05.2021 10:48:42;2841,950439453125;100;1,7066667079925537;
27.05.2021 10:48:42;27.05.2021 10:48:43;2745,7568359375;100;1,7066667079925537;
27.05.2021 10:48:43;27.05.2021 10:48:44;2643,2236328125;100;1,7066667079925537;
27.05.2021 10:48:44;27.05.2021 10:48:45;2784,490966796875;100;1,7066667079925537;
27.05.2021 10:48:45;27.05.2021 10:48:46;2878,809326171875;100;1,7066667079925537;
27.05.2021 10:48:46;27.05.2021 10:48:47;2739,345703125;100;1,7066667079925537;
27.05.2021 10:48:47;27.05.2021 10:48:48;2732,126708984375;100;1,7066667079925537;
27.05.2021 10:48:48;27.05.2021 10:48:49;2729,146728515625;100;1,7066667079925537;
27.05.2021 10:48:49;27.05.2021 10:48:50;2710,671142578125;100;1,7066667079925537;
27.05.2021 10:48:50;27.05.2021 10:48:51;2704,3125;100;1,7066667079925537;
27.05.2021 10:48:51;27.05.2021 10:48:52;2720,1728515625;100;1,7066667079925537;
27.05.2021 10:48:52;27.05.2021 10:48:53;2713,96044921875;100;1,7066667079925537;
27.05.2021 10:48:53;27.05.2021 10:48:54;2711,317138671875;100;1,7066667079925537;
27.05.2021 10:48:54;27.05.2021 10:48:55;2742,01171875;100;1,7066667079925537;
27.05.2021 10:48:55;27.05.2021 10:48:56;1834,99755859375;100;1,7066667079925537;
27.05.2021 10:48:56;27.05.2021 10:48:57;1188,3956298828125;100;1,7066667079925537;
27.05.2021 10:48:57;27.05.2021 10:48:58;1750,6148681640625;100;1,7066667079925537;
27.05.2021 10:48:58;27.05.2021 10:48:59;1514,2818603515625;100;1,7066667079925537;
27.05.2021 10:48:59;27.05.2021 10:49:00;1456,008056640625;100;1,7066667079925537;
27.05.2021 10:49:00;27.05.2021 10:49:01;1509,1927490234375;100;1,7001194953918457;
27.05.2021 10:49:01;27.05.2021 10:49:02;1473,24169921875;100;1,7001194953918457;
27.05.2021 10:49:02;27.05.2021 10:49:03;1568,0880126953125;100;1,7001194953918457;
27.05.2021 10:49:03;27.05.2021 10:49:04;1558,457275390625;100;1,7001194953918457;
27.05.2021 10:49:04;27.05.2021 10:49:05;1557,860595703125;100;1,7001194953918457;
27.05.2021 10:49:05;27.05.2021 10:49:06;1501,178466796875;100;1,7001194953918457;
27.05.2021 10:49:06;27.05.2021 10:49:07;1467,7088623046875;100;1,7001194953918457;
27.05.2021 10:49:07;27.05.2021 10:49:08;2873,9404296875;100;1,7001194953918457;
27.05.2021 10:49:08;27.05.2021 10:49:09;3863,85888671875;100;1,7001194953918457;
27.05.2021 10:49:09;27.05.2021 10:49:10;2809,718505859375;100;1,7001194953918457;
27.05.2021 10:49:10;27.05.2021 10:49:11;2689,47314453125;100;1,6999020576477051;
27.05.2021 10:49:11;27.05.2021 10:49:12;2674,0810546875;100;1,6999020576477051;
27.05.2021 10:49:12;27.05.2021 10:49:13;2804,7470703125;100;1,6999020576477051;
27.05.2021 10:49:13;27.05.2021 10:49:14;2853,540771484375;100;1,6999020576477051;
27.05.2021 10:49:14;27.05.2021 10:49:15;2745,942626953125;100;1,6999020576477051;
27.05.2021 10:49:15;27.05.2021 10:49:16;2725,345947265625;100;1,6999020576477051;
27.05.2021 10:49:16;27.05.2021 10:49:17;2718,607421875;100;1,6999020576477051;
27.05.2021 10:49:17;27.05.2021 10:49:18;2717,777099609375;100;1,6999020576477051;
27.05.2021 10:49:18;27.05.2021 10:49:19;2711,742919921875;100;1,6999020576477051;
27.05.2021 10:49:19;27.05.2021 10:49:20;2720,996337890625;100;1,6999020576477051;
27.05.2021 10:49:20;27.05.2021 10:49:21;2718,427734375;100;1,7001070976257324;
27.05.2021 10:49:21;27.05.2021 10:49:22;2713,275390625;100;1,7001070976257324;
27.05.2021 10:49:22;27.05.2021 10:49:23;2711,39306640625;100;1,7001070976257324;
27.05.2021 10:49:23;27.05.2021 10:49:24;1970,487548828125;100;1,7001070976257324;
27.05.2021 10:49:24;27.05.2021 10:49:25;1171,9296875;100;1,7001070976257324;
27.05.2021 10:49:25;27.05.2021 10:49:26;1586,231689453125;100;1,7001070976257324;
27.05.2021 10:49:26;27.05.2021 10:49:27;1438,4500732421875;100;1,7001070976257324;
27.05.2021 10:49:27;27.05.2021 10:49:28;1549,9404296875;100;1,7001070976257324;
27.05.2021 10:49:28;27.05.2021 10:49:29;1499,9842529296875;100;1,7001070976257324;
27.05.2021 10:49:29;27.05.2021 10:49:30;1502,275390625;100;1,7001070976257324;
27.05.2021 10:49:30;27.05.2021 10:49:31;1594,0179443359375;100;1,6999034881591797;
27.05.2021 10:49:31;27.05.2021 10:49:32;1586,1763916015625;100;1,6999034881591797;
27.05.2021 10:49:32;27.05.2021 10:49:33;1502,881591796875;100;1,6999034881591797;
27.05.2021 10:49:33;27.05.2021 10:49:34;1426,901123046875;100;1,6999034881591797;
27.05.2021 10:49:34;27.05.2021 10:49:35;1530,2861328125;100;1,6999034881591797;
27.05.2021 10:49:35;27.05.2021 10:49:36;3781,946044921875;100;1,6999034881591797;
27.05.2021 10:49:36;27.05.2021 10:49:37;5098,357421875;100;1,6999034881591797;
27.05.2021 10:49:37;27.05.2021 10:49:38;2848,307861328125;100;1,6999034881591797;
27.05.2021 10:49:38;27.05.2021 10:49:39;2782,6259765625;100;1,6999034881591797;
27.05.2021 10:49:39;27.05.2021 10:49:40;2766,236572265625;100;1,6999034881591797;
27.05.2021 10:49:40;27.05.2021 10:49:41;2812,684814453125;100;1,7066665887832642;
27.05.2021 10:49:41;27.05.2021 10:49:42;2874,210693359375;100;1,7066665887832642;
27.05.2021 10:49:42;27.05.2021 10:49:43;2763,114013671875;100;1,7066665887832642;
27.05.2021 10:49:43;27.05.2021 10:49:44;2728,12060546875;100;1,7066665887832642;
27.05.2021 10:49:44;27.05.2021 10:49:45;2721,380615234375;100;1,7066665887832642;
27.05.2021 10:49:45;27.05.2021 10:49:46;2721,263671875;100;1,7066665887832642;
27.05.2021 10:49:46;27.05.2021 10:49:47;2712,59423828125;100;1,7066665887832642;
27.05.2021 10:49:47;27.05.2021 10:49:48;2702,704345703125;100;1,7066665887832642;
27.05.2021 10:49:48;27.05.2021 10:49:49;2710,823486328125;100;1,7066665887832642;
27.05.2021 10:49:49;27.05.2021 10:49:50;2718,368408203125;100;1,7066665887832642;
27.05.2021 10:49:50;27.05.2021 10:49:51;2750,63037109375;100;1,7066667079925537;
27.05.2021 10:49:51;27.05.2021 10:49:52;1863,8590087890625;100;1,7066667079925537;
27.05.2021 10:49:52;27.05.2021 10:49:53;1192,3245849609375;100;1,7066667079925537;
27.05.2021 10:49:53;27.05.2021 10:49:54;1685,6448974609375;100;1,7066667079925537;
27.05.2021 10:49:54;27.05.2021 10:49:55;1611,77685546875;100;1,7066667079925537;
27.05.2021 10:49:55;27.05.2021 10:49:56;1545,316162109375;100;1,7066667079925537;
27.05.2021 10:49:56;27.05.2021 10:49:57;1435,46240234375;100;1,7066667079925537;
27.05.2021 10:49:57;27.05.2021 10:49:58;1468,7806396484375;100;1,7066667079925537;
27.05.2021 10:49:58;27.05.2021 10:49:59;1497,7379150390625;100;1,7066667079925537;
27.05.2021 10:49:59;27.05.2021 10:50:00;1525,95263671875;100;1,7066667079925537;
27.05.2021 10:50:00;27.05.2021 10:50:01;1590,556640625;51,182918548583984;1,7066667079925537;
27.05.2021 10:50:01;27.05.2021 10:50:02;1584,1566162109375;51,182918548583984;1,7066667079925537;
27.05.2021 10:50:02;27.05.2021 10:50:03;1564,971923828125;51,182918548583984;1,7066667079925537;
27.05.2021 10:50:03;27.05.2021 10:50:04;1543,9061279296875;51,182918548583984;1,7066667079925537;
27.05.2021 10:50:04;27.05.2021 10:50:05;3034,44970703125;51,182918548583984;1,7066667079925537;
27.05.2021 10:50:05;27.05.2021 10:50:06;4002,760498046875;51,182918548583984;1,7066667079925537;
27.05.2021 10:50:06;27.05.2021 10:50:07;2844,577392578125;51,182918548583984;1,7066667079925537;
27.05.2021 10:50:07;27.05.2021 10:50:08;2766,700439453125;51,182918548583984;1,7066667079925537;
27.05.2021 10:50:08;27.05.2021 10:50:09;2712,793212890625;51,182918548583984;1,7066667079925537;
27.05.2021 10:50:09;27.05.2021 10:50:10;2787,439453125;51,182918548583984;1,7066667079925537;
27.05.2021 10:50:10;27.05.2021 10:50:11;2879,25390625;0,0070805000141263008;1,7066667079925537;
27.05.2021 10:50:11;27.05.2021 10:50:12;2767,00927734375;0,0070805000141263008;1,7066667079925537;
27.05.2021 10:50:12;27.05.2021 10:50:13;2726,422119140625;0,0070805000141263008;1,7066667079925537;
27.05.2021 10:50:13;27.05.2021 10:50:14;2722,060302734375;0,0070805000141263008;1,7066667079925537;
27.05.2021 10:50:14;27.05.2021 10:50:15;2711,51220703125;0,0070805000141263008;1,7066667079925537;
27.05.2021 10:50:15;27.05.2021 10:50:16;2711,6904296875;0,0070805000141263008;1,7066667079925537;
27.05.2021 10:50:16;27.05.2021 10:50:17;2715,2265625;0,0070805000141263008;1,7066667079925537;
27.05.2021 10:50:17;27.05.2021 10:50:18;2711,786376953125;0,0070805000141263008;1,7066667079925537;
27.05.2021 10:50:18;27.05.2021 10:50:19;2710,310791015625;0,0070805000141263008;1,7066667079925537;
27.05.2021 10:50:19;27.05.2021 10:50:20;2713,1884765625;0,0070805000141263008;1,7066667079925537;
27.05.2021 10:50:20;27.05.2021 10:50:21;1916,276123046875;0;1,7066667079925537;
27.05.2021 10:50:21;27.05.2021 10:50:22;1207,827392578125;0;1,7066667079925537;
27.05.2021 10:50:22;27.05.2021 10:50:23;1711,8714599609375;0;1,7066667079925537;
27.05.2021 10:50:23;27.05.2021 10:50:24;1562,0115966796875;0;1,7066667079925537;
27.05.2021 10:50:24;27.05.2021 10:50:25;1539,956787109375;0;1,7066667079925537;
27.05.2021 10:50:25;27.05.2021 10:50:26;1540,747314453125;0;1,7066667079925537;
27.05.2021 10:50:26;27.05.2021 10:50:27;1473,336669921875;0;1,7066667079925537;
27.05.2021 10:50:27;27.05.2021 10:50:28;1443,971923828125;0;1,7066667079925537;
27.05.2021 10:50:28;27.05.2021 10:50:29;1602,0640869140625;0;1,7066667079925537;
27.05.2021 10:50:29;27.05.2021 10:50:30;1565,0167236328125;0;1,7066667079925537;
27.05.2021 10:50:30;27.05.2021 10:50:31;1431,4759521484375;0;1,7005343437194824;
27.05.2021 10:50:31;27.05.2021 10:50:32;1384,7630615234375;0;1,7005343437194824;
27.05.2021 10:50:32;27.05.2021 10:50:33;1496,5389404296875;0;1,7005343437194824;
27.05.2021 10:50:33;27.05.2021 10:50:34;3197,160888671875;0;1,7005343437194824;
27.05.2021 10:50:34;27.05.2021 10:50:35;4096,36279296875;0;1,7005343437194824;
27.05.2021 10:50:35;27.05.2021 10:50:36;2835,40625;0;1,7005343437194824;
27.05.2021 10:50:36;27.05.2021 10:50:37;2791,776123046875;0;1,7005343437194824;
27.05.2021 10:50:37;27.05.2021 10:50:38;2723,502197265625;0;1,7005343437194824;
27.05.2021 10:50:38;27.05.2021 10:50:39;2722,809326171875;0;1,7005343437194824;
27.05.2021 10:50:39;27.05.2021 10:50:40;2873,861572265625;0;1,7005343437194824;
27.05.2021 10:50:40;27.05.2021 10:50:41;2759,5615234375;0;1,7025128602981567;
27.05.2021 10:50:41;27.05.2021 10:50:42;2723,63818359375;0;1,7025128602981567;
27.05.2021 10:50:42;27.05.2021 10:50:43;2707,375732421875;0;1,7025128602981567;
27.05.2021 10:50:43;27.05.2021 10:50:44;2696,878662109375;0;1,7025128602981567;
27.05.2021 10:50:44;27.05.2021 10:50:45;2706,14990234375;0;1,7025128602981567;
27.05.2021 10:50:45;27.05.2021 10:50:46;2707,222412109375;0;1,7025128602981567;
27.05.2021 10:50:46;27.05.2021 10:50:47;2706,748779296875;0;1,7025128602981567;
27.05.2021 10:50:47;27.05.2021 10:50:48;2709,560791015625;0;1,7025128602981567;
27.05.2021 10:50:48;27.05.2021 10:50:49;2730,06201171875;0;1,7025128602981567;
27.05.2021 10:50:49;27.05.2021 10:50:50;1992,4417724609375;0;1,7025128602981567;
27.05.2021 10:50:50;27.05.2021 10:50:51;1095,85205078125;0;1,7101125717163086;
27.05.2021 10:50:51;27.05.2021 10:50:52;1575,114013671875;0;1,7101125717163086;
27.05.2021 10:50:52;27.05.2021 10:50:53;1432,6534423828125;0;1,7101125717163086;
27.05.2021 10:50:53;27.05.2021 10:50:54;1538,22607421875;0;1,7101125717163086;
27.05.2021 10:50:54;27.05.2021 10:50:55;1505,9635009765625;0;1,7101125717163086;
27.05.2021 10:50:55;27.05.2021 10:50:56;1504,6802978515625;0;1,7101125717163086;
27.05.2021 10:50:56;27.05.2021 10:50:57;1447,05859375;0;1,7101125717163086;
27.05.2021 10:50:57;27.05.2021 10:50:58;1393,8275146484375;0;1,7101125717163086;
27.05.2021 10:50:58;27.05.2021 10:50:59;1468,9224853515625;0;1,7101125717163086;
27.05.2021 10:50:59;27.05.2021 10:51:00;1554,173095703125;0;1,7101125717163086;
27.05.2021 10:51:00;27.05.2021 10:51:01;1556,692626953125;47,733623504638672;1,7003049850463867;
27.05.2021 10:51:01;27.05.2021 10:51:02;1469,016845703125;47,733623504638672;1,7003049850463867;
27.05.2021 10:51:02;27.05.2021 10:51:03;3304,6796875;47,733623504638672;1,7003049850463867;
27.05.2021 10:51:03;27.05.2021 10:51:04;4432,517578125;47,733623504638672;1,7003049850463867;
27.05.2021 10:51:04;27.05.2021 10:51:05;2885,689208984375;47,733623504638672;1,7003049850463867;
27.05.2021 10:51:05;27.05.2021 10:51:06;2783,5966796875;47,733623504638672;1,7003049850463867;
27.05.2021 10:51:06;27.05.2021 10:51:07;2768,079833984375;47,733623504638672;1,7003049850463867;
27.05.2021 10:51:07;27.05.2021 10:51:08;2830,707275390625;47,733623504638672;1,7003049850463867;
27.05.2021 10:51:08;27.05.2021 10:51:09;2873,5087890625;47,733623504638672;1,7003049850463867;
27.05.2021 10:51:09;27.05.2021 10:51:10;2746,6923828125;47,733623504638672;1,7003049850463867;
27.05.2021 10:51:10;27.05.2021 10:51:11;2710,458740234375;99,986373901367188;1,6933350563049316;
27.05.2021 10:51:11;27.05.2021 10:51:12;2711,490234375;99,986373901367188;1,6933350563049316;
27.05.2021 10:51:12;27.05.2021 10:51:13;2709,296630859375;99,986373901367188;1,6933350563049316;
27.05.2021 10:51:13;27.05.2021 10:51:14;2709,1630859375;99,986373901367188;1,6933350563049316;
27.05.2021 10:51:14;27.05.2021 10:51:15;2710,684814453125;99,986373901367188;1,6933350563049316;
27.05.2021 10:51:15;27.05.2021 10:51:16;2700,466552734375;99,986373901367188;1,6933350563049316;
27.05.2021 10:51:16;27.05.2021 10:51:17;2732,503173828125;99,986373901367188;1,6933350563049316;
27.05.2021 10:51:17;27.05.2021 10:51:18;2823,408447265625;99,986373901367188;1,6933350563049316;
27.05.2021 10:51:18;27.05.2021 10:51:19;1827,245361328125;99,986373901367188;1,6933350563049316;
27.05.2021 10:51:19;27.05.2021 10:51:20;912,98992919921875;99,986373901367188;1,6933350563049316;
27.05.2021 10:51:20;27.05.2021 10:51:21;1432,6768798828125;100;1,6933332681655884;
27.05.2021 10:51:21;27.05.2021 10:51:22;1487,7103271484375;100;1,6933332681655884;
27.05.2021 10:51:22;27.05.2021 10:51:23;1465,7220458984375;100;1,6933332681655884;
27.05.2021 10:51:23;27.05.2021 10:51:24;1571,0264892578125;100;1,6933332681655884;
27.05.2021 10:51:24;27.05.2021 10:51:25;1544,2998046875;100;1,6933332681655884;
27.05.2021 10:51:25;27.05.2021 10:51:26;1448,556884765625;100;1,6933332681655884;
27.05.2021 10:51:26;27.05.2021 10:51:27;1370,3770751953125;100;1,6933332681655884;
27.05.2021 10:51:27;27.05.2021 10:51:28;1433,865234375;100;1,6933332681655884;
27.05.2021 10:51:28;27.05.2021 10:51:29;1491,5888671875;100;1,6933332681655884;
27.05.2021 10:51:29;27.05.2021 10:51:30;1478,375;100;1,6933332681655884;
27.05.2021 10:51:30;27.05.2021 10:51:31;1571,4705810546875;100;1,6933332681655884;
27.05.2021 10:51:31;27.05.2021 10:51:32;1558,5535888671875;100;1,6933332681655884;
27.05.2021 10:51:32;27.05.2021 10:51:33;3333,4990234375;100;1,6933332681655884;
27.05.2021 10:51:33;27.05.2021 10:51:34;4332,5224609375;100;1,6933332681655884;
27.05.2021 10:51:34;27.05.2021 10:51:35;2847,13525390625;100;1,6933332681655884;
27.05.2021 10:51:35;27.05.2021 10:51:36;2781,139404296875;100;1,6933332681655884;
27.05.2021 10:51:36;27.05.2021 10:51:37;2805,721435546875;100;1,6933332681655884;
27.05.2021 10:51:37;27.05.2021 10:51:38;2875,364501953125;100;1,6933332681655884;
27.05.2021 10:51:38;27.05.2021 10:51:39;2847,333984375;100;1,6933332681655884;
27.05.2021 10:51:39;27.05.2021 10:51:40;2734,674560546875;100;1,6933332681655884;
27.05.2021 10:51:40;27.05.2021 10:51:41;2720,154052734375;100;1,6999180316925049;
27.05.2021 10:51:41;27.05.2021 10:51:42;2706,165771484375;100;1,6999180316925049;
27.05.2021 10:51:42;27.05.2021 10:51:43;2703,027099609375;100;1,6999180316925049;
27.05.2021 10:51:43;27.05.2021 10:51:44;2702,618408203125;100;1,6999180316925049;
27.05.2021 10:51:44;27.05.2021 10:51:45;2706,690185546875;100;1,6999180316925049;
27.05.2021 10:51:45;27.05.2021 10:51:46;2705,84619140625;100;1,6999180316925049;
27.05.2021 10:51:46;27.05.2021 10:51:47;2708,41650390625;100;1,6999180316925049;
27.05.2021 10:51:47;27.05.2021 10:51:48;1768,568359375;100;1,6999180316925049;
27.05.2021 10:51:48;27.05.2021 10:51:49;1159,0263671875;100;1,6999180316925049;
27.05.2021 10:51:49;27.05.2021 10:51:50;1668,3948974609375;100;1,6999180316925049;
27.05.2021 10:51:50;27.05.2021 10:51:51;1591,0438232421875;100;1,7066667079925537;
27.05.2021 10:51:51;27.05.2021 10:51:52;1469,817138671875;100;1,7066667079925537;
27.05.2021 10:51:52;27.05.2021 10:51:53;1455,8603515625;100;1,7066667079925537;
27.05.2021 10:51:53;27.05.2021 10:51:54;1508,135498046875;100;1,7066667079925537;
27.05.2021 10:51:54;27.05.2021 10:51:55;1429,5882568359375;100;1,7066667079925537;
27.05.2021 10:51:55;27.05.2021 10:51:56;1505,46875;100;1,7066667079925537;
27.05.2021 10:51:56;27.05.2021 10:51:57;1463,120361328125;100;1,7066667079925537;
27.05.2021 10:51:57;27.05.2021 10:51:58;1450,392578125;100;1,7066667079925537;
27.05.2021 10:51:58;27.05.2021 10:51:59;1528,0146484375;100;1,7066667079925537;
27.05.2021 10:51:59;27.05.2021 10:52:00;1463,4141845703125;100;1,7066667079925537;
27.05.2021 10:52:00;27.05.2021 10:52:01;1440,65966796875;51,133560180664062;1,7066667079925537;
27.05.2021 10:52:01;27.05.2021 10:52:02;1450,0340576171875;51,133560180664062;1,7066667079925537;
27.05.2021 10:52:02;27.05.2021 10:52:03;3738,060546875;51,133560180664062;1,7066667079925537;
27.05.2021 10:52:03;27.05.2021 10:52:04;5036,951171875;51,133560180664062;1,7066667079925537;
27.05.2021 10:52:04;27.05.2021 10:52:05;2834,5830078125;51,133560180664062;1,7066667079925537;
27.05.2021 10:52:05;27.05.2021 10:52:06;2727,33984375;51,133560180664062;1,7066667079925537;
27.05.2021 10:52:06;27.05.2021 10:52:07;2682,467529296875;51,133560180664062;1,7066667079925537;
27.05.2021 10:52:07;27.05.2021 10:52:08;2885,28173828125;51,133560180664062;1,7066667079925537;
27.05.2021 10:52:08;27.05.2021 10:52:09;2872,733642578125;51,133560180664062;1,7066667079925537;
27.05.2021 10:52:09;27.05.2021 10:52:10;2745,24560546875;51,133560180664062;1,7066667079925537;
27.05.2021 10:52:10;27.05.2021 10:52:11;2727,56689453125;0,021439580246806145;1,7066667079925537;
27.05.2021 10:52:11;27.05.2021 10:52:12;2707,278564453125;0,021439580246806145;1,7066667079925537;
27.05.2021 10:52:12;27.05.2021 10:52:13;2702,090087890625;0,021439580246806145;1,7066667079925537;
27.05.2021 10:52:13;27.05.2021 10:52:14;2703,06787109375;0,021439580246806145;1,7066667079925537;
27.05.2021 10:52:14;27.05.2021 10:52:15;2698,031494140625;0,021439580246806145;1,7066667079925537;
27.05.2021 10:52:15;27.05.2021 10:52:16;2707,067626953125;0,021439580246806145;1,7066667079925537;
27.05.2021 10:52:16;27.05.2021 10:52:17;2707,803466796875;0,021439580246806145;1,7066667079925537;
27.05.2021 10:52:17;27.05.2021 10:52:18;1778,042236328125;0,021439580246806145;1,7066667079925537;
27.05.2021 10:52:18;27.05.2021 10:52:19;1159,9130859375;0,021439580246806145;1,7066667079925537;
27.05.2021 10:52:19;27.05.2021 10:52:20;1686,641845703125;0,021439580246806145;1,7066667079925537;
27.05.2021 10:52:20;27.05.2021 10:52:21;1543,6080322265625;0;1,7066667079925537;
27.05.2021 10:52:21;27.05.2021 10:52:22;1509,9212646484375;0;1,7066667079925537;
27.05.2021 10:52:22;27.05.2021 10:52:23;1509,3289794921875;0;1,7066667079925537;
27.05.2021 10:52:23;27.05.2021 10:52:24;1550,4852294921875;0;1,7066667079925537;
27.05.2021 10:52:24;27.05.2021 10:52:25;1545,91748046875;0;1,7066667079925537;
27.05.2021 10:52:25;27.05.2021 10:52:26;1477,666259765625;0;1,7066667079925537;
27.05.2021 10:52:26;27.05.2021 10:52:27;1456,9696044921875;0;1,7066667079925537;
27.05.2021 10:52:27;27.05.2021 10:52:28;1529,6649169921875;0;1,7066667079925537;
27.05.2021 10:52:28;27.05.2021 10:52:29;1496,175537109375;0;1,7066667079925537;
27.05.2021 10:52:29;27.05.2021 10:52:30;1506,6158447265625;0;1,7066667079925537;
27.05.2021 10:52:30;27.05.2021 10:52:31;1526,5450439453125;0;1,7066667079925537;
27.05.2021 10:52:31;27.05.2021 10:52:32;1451,668212890625;0;1,7066667079925537;
27.05.2021 10:52:32;27.05.2021 10:52:33;3290,030029296875;0;1,7066667079925537;
27.05.2021 10:52:33;27.05.2021 10:52:34;4228,27197265625;0;1,7066667079925537;
27.05.2021 10:52:34;27.05.2021 10:52:35;2845,89990234375;0;1,7066667079925537;
27.05.2021 10:52:35;27.05.2021 10:52:36;2780,75390625;0;1,7066667079925537;
27.05.2021 10:52:36;27.05.2021 10:52:37;2718,705078125;0;1,7066667079925537;
27.05.2021 10:52:37;27.05.2021 10:52:38;2783,4892578125;0;1,7066667079925537;
27.05.2021 10:52:38;27.05.2021 10:52:39;2854,293212890625;0;1,7066667079925537;
27.05.2021 10:52:39;27.05.2021 10:52:40;2749,472412109375;0;1,7066667079925537;
27.05.2021 10:52:40;27.05.2021 10:52:41;2719,976806640625;0;1,7066667079925537;
27.05.2021 10:52:41;27.05.2021 10:52:42;2699,37109375;0;1,7066667079925537;
27.05.2021 10:52:42;27.05.2021 10:52:43;2704,712646484375;0;1,7066667079925537;
27.05.2021 10:52:43;27.05.2021 10:52:44;2705,98583984375;0;1,7066667079925537;
27.05.2021 10:52:44;27.05.2021 10:52:45;2699,288330078125;0;1,7066667079925537;
27.05.2021 10:52:45;27.05.2021 10:52:46;2707,03564453125;0;1,7066667079925537;
27.05.2021 10:52:46;27.05.2021 10:52:47;2712,622314453125;0;1,7066667079925537;
27.05.2021 10:52:47;27.05.2021 10:52:48;1741,329345703125;0;1,7066667079925537;
27.05.2021 10:52:48;27.05.2021 10:52:49;1075,96337890625;0;1,7066667079925537;
27.05.2021 10:52:49;27.05.2021 10:52:50;1543,52734375;0;1,7066667079925537;
27.05.2021 10:52:50;27.05.2021 10:52:51;1537,7919921875;0;1,7066667079925537;
27.05.2021 10:52:51;27.05.2021 10:52:52;1471,2459716796875;0;1,7066667079925537;
27.05.2021 10:52:52;27.05.2021 10:52:53;1445,84716796875;0;1,7066667079925537;
27.05.2021 10:52:53;27.05.2021 10:52:54;1499,156982421875;0;1,7066667079925537;
27.05.2021 10:52:54;27.05.2021 10:52:55;1538,21044921875;0;1,7066667079925537;
27.05.2021 10:52:55;27.05.2021 10:52:56;1529,4444580078125;0;1,7066667079925537;
27.05.2021 10:52:56;27.05.2021 10:52:57;1466,1236572265625;0;1,7066667079925537;
27.05.2021 10:52:57;27.05.2021 10:52:58;1498,8778076171875;0;1,7066667079925537;
27.05.2021 10:52:58;27.05.2021 10:52:59;1474,11376953125;0;1,7066667079925537;
27.05.2021 10:52:59;27.05.2021 10:53:00;1432,854248046875;0;1,7066667079925537;
27.05.2021 10:53:00;27.05.2021 10:53:01;1431,279296875;47,920669555664062;1,7066667079925537;
27.05.2021 10:53:01;27.05.2021 10:53:02;1431,0418701171875;47,920669555664062;1,7066667079925537;
27.05.2021 10:53:02;27.05.2021 10:53:03;1454,683349609375;47,920669555664062;1,7066667079925537;
27.05.2021 10:53:03;27.05.2021 10:53:04;3130,700927734375;47,920669555664062;1,7066667079925537;
27.05.2021 10:53:04;27.05.2021 10:53:05;4104,58154296875;47,920669555664062;1,7066667079925537;
27.05.2021 10:53:05;27.05.2021 10:53:06;2848,349853515625;47,920669555664062;1,7066667079925537;
27.05.2021 10:53:06;27.05.2021 10:53:07;2747,376220703125;47,920669555664062;1,7066667079925537;
27.05.2021 10:53:07;27.05.2021 10:53:08;2702,306640625;47,920669555664062;1,7066667079925537;
27.05.2021 10:53:08;27.05.2021 10:53:09;2780,126953125;47,920669555664062;1,7066667079925537;
27.05.2021 10:53:09;27.05.2021 10:53:10;2882,278076171875;47,920669555664062;1,7066667079925537;
27.05.2021 10:53:10;27.05.2021 10:53:11;2770,793212890625;99,99932861328125;1,7066667079925537;
27.05.2021 10:53:11;27.05.2021 10:53:12;2719,04248046875;99,99932861328125;1,7066667079925537;
27.05.2021 10:53:12;27.05.2021 10:53:13;2712,0458984375;99,99932861328125;1,7066667079925537;
27.05.2021 10:53:13;27.05.2021 10:53:14;2707,670166015625;99,99932861328125;1,7066667079925537;
27.05.2021 10:53:14;27.05.2021 10:53:15;2714,5244140625;99,99932861328125;1,7066667079925537;
27.05.2021 10:53:15;27.05.2021 10:53:16;2714,028076171875;99,99932861328125;1,7066667079925537;
27.05.2021 10:53:16;27.05.2021 10:53:17;2701,958740234375;99,99932861328125;1,7066667079925537;
27.05.2021 10:53:17;27.05.2021 10:53:18;2696,263671875;99,99932861328125;1,7066667079925537;
27.05.2021 10:53:18;27.05.2021 10:53:19;1838,084228515625;99,99932861328125;1,7066667079925537;
27.05.2021 10:53:19;27.05.2021 10:53:20;1036,8729248046875;99,99932861328125;1,7066667079925537;
27.05.2021 10:53:20;27.05.2021 10:53:21;1440,3812255859375;100;1,7066667079925537;
27.05.2021 10:53:21;27.05.2021 10:53:22;1454,1986083984375;100;1,7066667079925537;
27.05.2021 10:53:22;27.05.2021 10:53:23;1513,6451416015625;100;1,7066667079925537;
27.05.2021 10:53:23;27.05.2021 10:53:24;1523,8023681640625;100;1,7066667079925537;
27.05.2021 10:53:24;27.05.2021 10:53:25;1477,6429443359375;100;1,7066667079925537;
27.05.2021 10:53:25;27.05.2021 10:53:26;1457,048828125;100;1,7066667079925537;
27.05.2021 10:53:26;27.05.2021 10:53:27;1620,3089599609375;100;1,7066667079925537;
27.05.2021 10:53:27;27.05.2021 10:53:28;1533,8150634765625;100;1,7066667079925537;
27.05.2021 10:53:28;27.05.2021 10:53:29;1422,081298828125;100;1,7066667079925537;
27.05.2021 10:53:29;27.05.2021 10:53:30;1499,089111328125;100;1,7066667079925537;
27.05.2021 10:53:30;27.05.2021 10:53:31;1567,47265625;100;1,7006101608276367;
27.05.2021 10:53:31;27.05.2021 10:53:32;1498,361328125;100;1,7006101608276367;
27.05.2021 10:53:32;27.05.2021 10:53:33;1545,8448486328125;100;1,7006101608276367;
27.05.2021 10:53:33;27.05.2021 10:53:34;1548,2540283203125;100;1,7006101608276367;
27.05.2021 10:53:34;27.05.2021 10:53:35;3782,4453125;100;1,7006101608276367;
27.05.2021 10:53:35;27.05.2021 10:53:36;5043,03466796875;100;1,7006101608276367;
27.05.2021 10:53:36;27.05.2021 10:53:37;2816,56494140625;100;1,7006101608276367;
27.05.2021 10:53:37;27.05.2021 10:53:38;2679,357177734375;100;1,7006101608276367;
27.05.2021 10:53:38;27.05.2021 10:53:39;2628,26416015625;100;1,7006101608276367;
27.05.2021 10:53:39;27.05.2021 10:53:40;2812,3544921875;100;1,7006101608276367;
27.05.2021 10:53:40;27.05.2021 10:53:41;2893,951416015625;100;1,6933637857437134;
27.05.2021 10:53:41;27.05.2021 10:53:42;2747,077392578125;100;1,6933637857437134;
27.05.2021 10:53:42;27.05.2021 10:53:43;2708,98779296875;100;1,6933637857437134;
27.05.2021 10:53:43;27.05.2021 10:53:44;2699,248046875;100;1,6933637857437134;
27.05.2021 10:53:44;27.05.2021 10:53:45;2706,75537109375;100;1,6933637857437134;
27.05.2021 10:53:45;27.05.2021 10:53:46;2716,502197265625;100;1,6933637857437134;
27.05.2021 10:53:46;27.05.2021 10:53:47;2710,83203125;100;1,6933637857437134;
27.05.2021 10:53:47;27.05.2021 10:53:48;2714,64501953125;100;1,6933637857437134;
27.05.2021 10:53:48;27.05.2021 10:53:49;2715,240478515625;100;1,6933637857437134;
27.05.2021 10:53:49;27.05.2021 10:53:50;2152,363525390625;100;1,6933637857437134;
27.05.2021 10:53:50;27.05.2021 10:53:51;1074,802490234375;100;1,6933332681655884;
27.05.2021 10:53:51;27.05.2021 10:53:52;1350,5372314453125;100;1,6933332681655884;
27.05.2021 10:53:52;27.05.2021 10:53:53;1437,1365966796875;100;1,6933332681655884;
27.05.2021 10:53:53;27.05.2021 10:53:54;1539,5679931640625;100;1,6933332681655884;
27.05.2021 10:53:54;27.05.2021 10:53:55;1471,3885498046875;100;1,6933332681655884;
27.05.2021 10:53:55;27.05.2021 10:53:56;1512,5677490234375;100;1,6933332681655884;
27.05.2021 10:53:56;27.05.2021 10:53:57;1513,5450439453125;100;1,6933332681655884;
27.05.2021 10:53:57;27.05.2021 10:53:58;1408,808837890625;100;1,6933332681655884;
27.05.2021 10:53:58;27.05.2021 10:53:59;1361,6488037109375;100;1,6933332681655884;
27.05.2021 10:53:59;27.05.2021 10:54:00;1388,96142578125;100;1,6933332681655884;
27.05.2021 10:54:00;27.05.2021 10:54:01;1468,37939453125;52,373703002929687;1,702858567237854;
27.05.2021 10:54:01;27.05.2021 10:54:02;1534,1807861328125;52,373703002929687;1,702858567237854;
27.05.2021 10:54:02;27.05.2021 10:54:03;1530,19775390625;52,373703002929687;1,702858567237854;
27.05.2021 10:54:03;27.05.2021 10:54:04;1524,7786865234375;52,373703002929687;1,702858567237854;
27.05.2021 10:54:04;27.05.2021 10:54:05;1519,1492919921875;52,373703002929687;1,702858567237854;
27.05.2021 10:54:05;27.05.2021 10:54:06;2852,9609375;52,373703002929687;1,702858567237854;
27.05.2021 10:54:06;27.05.2021 10:54:07;3680,5146484375;52,373703002929687;1,702858567237854;
27.05.2021 10:54:07;27.05.2021 10:54:08;2849,702392578125;52,373703002929687;1,702858567237854;
27.05.2021 10:54:08;27.05.2021 10:54:09;2782,45947265625;52,373703002929687;1,702858567237854;
27.05.2021 10:54:09;27.05.2021 10:54:10;2821,974853515625;52,373703002929687;1,702858567237854;
27.05.2021 10:54:10;27.05.2021 10:54:11;2920,60302734375;0,0012987012742087245;1,7101900577545166;
27.05.2021 10:54:11;27.05.2021 10:54:12;2857,382568359375;0,0012987012742087245;1,7101900577545166;
27.05.2021 10:54:12;27.05.2021 10:54:13;2729,711181640625;0,0012987012742087245;1,7101900577545166;
27.05.2021 10:54:13;27.05.2021 10:54:14;2711,381103515625;0,0012987012742087245;1,7101900577545166;
27.05.2021 10:54:14;27.05.2021 10:54:15;2704,782470703125;0,0012987012742087245;1,7101900577545166;
27.05.2021 10:54:15;27.05.2021 10:54:16;2699,96142578125;0,0012987012742087245;1,7101900577545166;
27.05.2021 10:54:16;27.05.2021 10:54:17;2705,597412109375;0,0012987012742087245;1,7101900577545166;
27.05.2021 10:54:17;27.05.2021 10:54:18;2701,875244140625;0,0012987012742087245;1,7101900577545166;
27.05.2021 10:54:18;27.05.2021 10:54:19;2693,87109375;0,0012987012742087245;1,7101900577545166;
27.05.2021 10:54:19;27.05.2021 10:54:20;2692,662841796875;0,0012987012742087245;1,7101900577545166;
27.05.2021 10:54:20;27.05.2021 10:54:21;1770,960205078125;0;1,7066763639450073;
27.05.2021 10:54:21;27.05.2021 10:54:22;1093,2562255859375;0;1,7066763639450073;
27.05.2021 10:54:22;27.05.2021 10:54:23;1516,53662109375;0;1,7066763639450073;
27.05.2021 10:54:23;27.05.2021 10:54:24;1431,6080322265625;0;1,7066763639450073;
27.05.2021 10:54:24;27.05.2021 10:54:25;1500,947265625;0;1,7066763639450073;
27.05.2021 10:54:25;27.05.2021 10:54:26;1591,416015625;0;1,7066763639450073;
27.05.2021 10:54:26;27.05.2021 10:54:27;1552,353515625;0;1,7066763639450073;
27.05.2021 10:54:27;27.05.2021 10:54:28;1561,3792724609375;0;1,7066763639450073;
27.05.2021 10:54:28;27.05.2021 10:54:29;1461,516357421875;0;1,7066763639450073;
27.05.2021 10:54:29;27.05.2021 10:54:30;1433,4820556640625;0;1,7066763639450073;
27.05.2021 10:54:30;27.05.2021 10:54:31;1532,486572265625;0;1,7066667079925537;
27.05.2021 10:54:31;27.05.2021 10:54:32;1535,4932861328125;0;1,7066667079925537;
27.05.2021 10:54:32;27.05.2021 10:54:33;1563,5543212890625;0;1,7066667079925537;
27.05.2021 10:54:33;27.05.2021 10:54:34;1515,19580078125;0;1,7066667079925537;
27.05.2021 10:54:34;27.05.2021 10:54:35;1478,6842041015625;0;1,7066667079925537;
27.05.2021 10:54:35;27.05.2021 10:54:36;1491,6939697265625;0;1,7066667079925537;
27.05.2021 10:54:36;27.05.2021 10:54:37;1531,81640625;0;1,7066667079925537;
27.05.2021 10:54:37;27.05.2021 10:54:38;3808,84716796875;0;1,7066667079925537;
27.05.2021 10:54:38;27.05.2021 10:54:39;4888,4384765625;0;1,7066667079925537;
27.05.2021 10:54:39;27.05.2021 10:54:40;2822,54736328125;0;1,7066667079925537;
27.05.2021 10:54:40;27.05.2021 10:54:41;2769,606689453125;0;1,700096607208252;
27.05.2021 10:54:41;27.05.2021 10:54:42;2710,231201171875;0;1,700096607208252;
27.05.2021 10:54:42;27.05.2021 10:54:43;2783,994384765625;0;1,700096607208252;
27.05.2021 10:54:43;27.05.2021 10:54:44;2836,63427734375;0;1,700096607208252;
27.05.2021 10:54:44;27.05.2021 10:54:45;2718,9716796875;0;1,700096607208252;
27.05.2021 10:54:45;27.05.2021 10:54:46;2717,836669921875;0;1,700096607208252;
27.05.2021 10:54:46;27.05.2021 10:54:47;2709,560546875;0;1,700096607208252;
27.05.2021 10:54:47;27.05.2021 10:54:48;2696,259521484375;0;1,700096607208252;
27.05.2021 10:54:48;27.05.2021 10:54:49;2700,500244140625;0;1,700096607208252;
27.05.2021 10:54:49;27.05.2021 10:54:50;2699,79052734375;0;1,700096607208252;
27.05.2021 10:54:50;27.05.2021 10:54:51;2692,00146484375;0;1,6999356746673584;
27.05.2021 10:54:51;27.05.2021 10:54:52;2692,2939453125;0;1,6999356746673584;
27.05.2021 10:54:52;27.05.2021 10:54:53;1770,3570556640625;0;1,6999356746673584;
27.05.2021 10:54:53;27.05.2021 10:54:54;1082,4862060546875;0;1,6999356746673584;
27.05.2021 10:54:54;27.05.2021 10:54:55;1602,1175537109375;0;1,6999356746673584;
27.05.2021 10:54:55;27.05.2021 10:54:56;1552,5628662109375;0;1,6999356746673584;
27.05.2021 10:54:56;27.05.2021 10:54:57;1522,2718505859375;0;1,6999356746673584;
27.05.2021 10:54:57;27.05.2021 10:54:58;1551,91064453125;0;1,6999356746673584;
27.05.2021 10:54:58;27.05.2021 10:54:59;1540,514404296875;0;1,6999356746673584;
27.05.2021 10:54:59;27.05.2021 10:55:00;1518,25439453125;0;1,6999356746673584;
27.05.2021 10:55:00;27.05.2021 10:55:01;1387,0389404296875;49,5802001953125;1,7066664695739746;
27.05.2021 10:55:01;27.05.2021 10:55:02;1346,739501953125;49,5802001953125;1,7066664695739746;
27.05.2021 10:55:02;27.05.2021 10:55:03;1367,04443359375;49,5802001953125;1,7066664695739746;
27.05.2021 10:55:03;27.05.2021 10:55:04;1445,3592529296875;49,5802001953125;1,7066664695739746;
27.05.2021 10:55:04;27.05.2021 10:55:05;1547,251708984375;49,5802001953125;1,7066664695739746;
27.05.2021 10:55:05;27.05.2021 10:55:06;1548,01904296875;49,5802001953125;1,7066664695739746;
27.05.2021 10:55:06;27.05.2021 10:55:07;1561,551025390625;49,5802001953125;1,7066664695739746;
27.05.2021 10:55:07;27.05.2021 10:55:08;1540,0330810546875;49,5802001953125;1,7066664695739746;
27.05.2021 10:55:08;27.05.2021 10:55:09;1537,066650390625;49,5802001953125;1,7066664695739746;
27.05.2021 10:55:09;27.05.2021 10:55:10;3698,123779296875;49,5802001953125;1,7066664695739746;
27.05.2021 10:55:10;27.05.2021 10:55:11;5042,0634765625;99,999801635742188;1,7000352144241333;
27.05.2021 10:55:11;27.05.2021 10:55:12;2853,638916015625;99,999801635742188;1,7000352144241333;
27.05.2021 10:55:12;27.05.2021 10:55:13;2728,31005859375;99,999801635742188;1,7000352144241333;
27.05.2021 10:55:13;27.05.2021 10:55:14;2679,190185546875;99,999801635742188;1,7000352144241333;
27.05.2021 10:55:14;27.05.2021 10:55:15;2819,3701171875;99,999801635742188;1,7000352144241333;
27.05.2021 10:55:15;27.05.2021 10:55:16;2837,8193359375;99,999801635742188;1,7000352144241333;
27.05.2021 10:55:16;27.05.2021 10:55:17;2714,6591796875;99,999801635742188;1,7000352144241333;
27.05.2021 10:55:17;27.05.2021 10:55:18;2702,518310546875;99,999801635742188;1,7000352144241333;
27.05.2021 10:55:18;27.05.2021 10:55:19;2700,569580078125;99,999801635742188;1,7000352144241333;
27.05.2021 10:55:19;27.05.2021 10:55:20;2695,547119140625;99,999801635742188;1,7000352144241333;
27.05.2021 10:55:20;27.05.2021 10:55:21;2698,701171875;100;1,6996132135391235;
27.05.2021 10:55:21;27.05.2021 10:55:22;2692,606201171875;100;1,6996132135391235;
27.05.2021 10:55:22;27.05.2021 10:55:23;2694,9697265625;100;1,6996132135391235;
27.05.2021 10:55:23;27.05.2021 10:55:24;2691,683837890625;100;1,6996132135391235;
27.05.2021 10:55:24;27.05.2021 10:55:25;1800,62255859375;100;1,6996132135391235;
27.05.2021 10:55:25;27.05.2021 10:55:26;882,3651123046875;100;1,6996132135391235;
27.05.2021 10:55:26;27.05.2021 10:55:27;1327,3773193359375;100;1,6996132135391235;
27.05.2021 10:55:27;27.05.2021 10:55:28;1501,811279296875;100;1,6996132135391235;
27.05.2021 10:55:28;27.05.2021 10:55:29;1462,3759765625;100;1,6996132135391235;
27.05.2021 10:55:29;27.05.2021 10:55:30;1536,4171142578125;100;1,6996132135391235;
27.05.2021 10:55:30;27.05.2021 10:55:31;1576,2828369140625;100;1,7003860473632813;
27.05.2021 10:55:31;27.05.2021 10:55:32;1503,4388427734375;100;1,7003860473632813;
27.05.2021 10:55:32;27.05.2021 10:55:33;1503,5712890625;100;1,7003860473632813;
27.05.2021 10:55:33;27.05.2021 10:55:34;1557,208740234375;100;1,7003860473632813;
27.05.2021 10:55:34;27.05.2021 10:55:35;1529,2879638671875;100;1,7003860473632813;
27.05.2021 10:55:35;27.05.2021 10:55:36;1462,6376953125;100;1,7003860473632813;
27.05.2021 10:55:36;27.05.2021 10:55:37;1519,5968017578125;100;1,7003860473632813;
27.05.2021 10:55:37;27.05.2021 10:55:38;1489,4119873046875;100;1,7003860473632813;
27.05.2021 10:55:38;27.05.2021 10:55:39;1376,2030029296875;100;1,7003860473632813;
27.05.2021 10:55:39;27.05.2021 10:55:40;1470,8614501953125;100;1,7003860473632813;
27.05.2021 10:55:40;27.05.2021 10:55:41;1594,4693603515625;100;1,6933333873748779;
27.05.2021 10:55:41;27.05.2021 10:55:42;1477,927734375;100;1,6933333873748779;
27.05.2021 10:55:42;27.05.2021 10:55:43;3609,739990234375;100;1,6933333873748779;
27.05.2021 10:55:43;27.05.2021 10:55:44;5094,62060546875;100;1,6933333873748779;
27.05.2021 10:55:44;27.05.2021 10:55:45;2875,69921875;100;1,6933333873748779;
27.05.2021 10:55:45;27.05.2021 10:55:46;2736,453125;100;1,6933333873748779;
27.05.2021 10:55:46;27.05.2021 10:55:47;2686,14453125;100;1,6933333873748779;
27.05.2021 10:55:47;27.05.2021 10:55:48;2789,060302734375;100;1,6933333873748779;
27.05.2021 10:55:48;27.05.2021 10:55:49;2827,0810546875;100;1,6933333873748779;
27.05.2021 10:55:49;27.05.2021 10:55:50;2718,531494140625;100;1,6933333873748779;
27.05.2021 10:55:50;27.05.2021 10:55:51;2702,121337890625;100;1,6998753547668457;
27.05.2021 10:55:51;27.05.2021 10:55:52;2694,980224609375;100;1,6998753547668457;
27.05.2021 10:55:52;27.05.2021 10:55:53;2691,359130859375;100;1,6998753547668457;
27.05.2021 10:55:53;27.05.2021 10:55:54;2691,1015625;100;1,6998753547668457;
27.05.2021 10:55:54;27.05.2021 10:55:55;2688,64111328125;100;1,6998753547668457;
27.05.2021 10:55:55;27.05.2021 10:55:56;2691,573974609375;100;1,6998753547668457;
27.05.2021 10:55:56;27.05.2021 10:55:57;2690,5380859375;100;1,6998753547668457;
27.05.2021 10:55:57;27.05.2021 10:55:58;1865,318115234375;100;1,6998753547668457;
27.05.2021 10:55:58;27.05.2021 10:55:59;1023,6806640625;100;1,6998753547668457;
27.05.2021 10:55:59;27.05.2021 10:56:00;1576,5908203125;100;1,6998753547668457;
27.05.2021 10:56:00;27.05.2021 10:56:01;1582,999267578125;100;1,7001032829284668;
27.05.2021 10:56:01;27.05.2021 10:56:02;1538,9478759765625;100;1,7001032829284668;
27.05.2021 10:56:02;27.05.2021 10:56:03;1510,471435546875;100;1,7001032829284668;
27.05.2021 10:56:03;27.05.2021 10:56:04;1541,948486328125;100;1,7001032829284668;
27.05.2021 10:56:04;27.05.2021 10:56:05;1540,6212158203125;100;1,7001032829284668;
27.05.2021 10:56:05;27.05.2021 10:56:06;1486,9501953125;100;1,7001032829284668;
27.05.2021 10:56:06;27.05.2021 10:56:07;1419,5523681640625;100;1,7001032829284668;
27.05.2021 10:56:07;27.05.2021 10:56:08;1412,3304443359375;100;1,7001032829284668;
27.05.2021 10:56:08;27.05.2021 10:56:09;1397,3873291015625;100;1,7001032829284668;
27.05.2021 10:56:09;27.05.2021 10:56:10;1430,075927734375;100;1,7001032829284668;
27.05.2021 10:56:10;27.05.2021 10:56:11;1458,848876953125;100;1,6999582052230835;
27.05.2021 10:56:11;27.05.2021 10:56:12;1420,0367431640625;100;1,6999582052230835;
27.05.2021 10:56:12;27.05.2021 10:56:13;1408,1480712890625;100;1,6999582052230835;
27.05.2021 10:56:13;27.05.2021 10:56:14;1410,71435546875;100;1,6999582052230835;
27.05.2021 10:56:14;27.05.2021 10:56:15;1422,864013671875;100;1,6999582052230835;
27.05.2021 10:56:15;27.05.2021 10:56:16;1374,29150390625;100;1,6999582052230835;
27.05.2021 10:56:16;27.05.2021 10:56:17;1386,8819580078125;100;1,6999582052230835;
27.05.2021 10:56:17;27.05.2021 10:56:18;1442,29150390625;100;1,6999582052230835;
27.05.2021 10:56:18;27.05.2021 10:56:19;1523,290771484375;100;1,6999582052230835;
27.05.2021 10:56:19;27.05.2021 10:56:20;1542,805908203125;100;1,6999582052230835;
27.05.2021 10:56:20;27.05.2021 10:56:21;1570,2540283203125;100;1,7000722885131836;
27.05.2021 10:56:21;27.05.2021 10:56:22;1482,52685546875;100;1,7000722885131836;
27.05.2021 10:56:22;27.05.2021 10:56:23;1357,8974609375;100;1,7000722885131836;
27.05.2021 10:56:23;27.05.2021 10:56:24;1432,511962890625;100;1,7000722885131836;
27.05.2021 10:56:24;27.05.2021 10:56:25;1458,37255859375;100;1,7000722885131836;
27.05.2021 10:56:25;27.05.2021 10:56:26;1467,583984375;100;1,7000722885131836;
27.05.2021 10:56:26;27.05.2021 10:56:27;1532,286865234375;100;1,7000722885131836;
27.05.2021 10:56:27;27.05.2021 10:56:28;1430,033447265625;100;1,7000722885131836;
27.05.2021 10:56:28;27.05.2021 10:56:29;1415,355712890625;100;1,7000722885131836;
27.05.2021 10:56:29;27.05.2021 10:56:30;1472,9652099609375;100;1,7000722885131836;
27.05.2021 10:56:30;27.05.2021 10:56:31;1533,50048828125;100;1,6997379064559937;
27.05.2021 10:56:31;27.05.2021 10:56:32;1508,6502685546875;100;1,6997379064559937;
27.05.2021 10:56:32;27.05.2021 10:56:33;1456,595458984375;100;1,6997379064559937;
27.05.2021 10:56:33;27.05.2021 10:56:34;1501,3475341796875;100;1,6997379064559937;
27.05.2021 10:56:34;27.05.2021 10:56:35;1545,6810302734375;100;1,6997379064559937;
27.05.2021 10:56:35;27.05.2021 10:56:36;1584,6373291015625;100;1,6997379064559937;
27.05.2021 10:56:36;27.05.2021 10:56:37;1568,7381591796875;100;1,6997379064559937;
27.05.2021 10:56:37;27.05.2021 10:56:38;1512,1470947265625;100;1,6997379064559937;
27.05.2021 10:56:38;27.05.2021 10:56:39;1458,0379638671875;100;1,6997379064559937;
27.05.2021 10:56:39;27.05.2021 10:56:40;1388,5689697265625;100;1,6997379064559937;
27.05.2021 10:56:40;27.05.2021 10:56:41;1385,669677734375;100;1,7066590785980225;
27.05.2021 10:56:41;27.05.2021 10:56:42;1468,868408203125;100;1,7066590785980225;
27.05.2021 10:56:42;27.05.2021 10:56:43;1502,55810546875;100;1,7066590785980225;
27.05.2021 10:56:43;27.05.2021 10:56:44;1490,7950439453125;100;1,7066590785980225;
27.05.2021 10:56:44;27.05.2021 10:56:45;1403,2099609375;100;1,7066590785980225;
27.05.2021 10:56:45;27.05.2021 10:56:46;1441,4644775390625;100;1,7066590785980225;
27.05.2021 10:56:46;27.05.2021 10:56:47;1509,4373779296875;100;1,7066590785980225;
27.05.2021 10:56:47;27.05.2021 10:56:48;1468,1326904296875;100;1,7066590785980225;
27.05.2021 10:56:48;27.05.2021 10:56:49;1485,2789306640625;100;1,7066590785980225;
27.05.2021 10:56:49;27.05.2021 10:56:50;1485,9754638671875;100;1,7066590785980225;
27.05.2021 10:56:50;27.05.2021 10:56:51;1526,3126220703125;100;1,7066667079925537;
27.05.2021 10:56:51;27.05.2021 10:56:52;1498,1448974609375;100;1,7066667079925537;
27.05.2021 10:56:52;27.05.2021 10:56:53;1476,6595458984375;100;1,7066667079925537;
27.05.2021 10:56:53;27.05.2021 10:56:54;1442,43994140625;100;1,7066667079925537;
27.05.2021 10:56:54;27.05.2021 10:56:55;1490,240966796875;100;1,7066667079925537;
27.05.2021 10:56:55;27.05.2021 10:56:56;1444,5135498046875;100;1,7066667079925537;
27.05.2021 10:56:56;27.05.2021 10:56:57;1340,787109375;100;1,7066667079925537;
27.05.2021 10:56:57;27.05.2021 10:56:58;1378,0875244140625;100;1,7066667079925537;
27.05.2021 10:56:58;27.05.2021 10:56:59;1508,5145263671875;100;1,7066667079925537;
27.05.2021 10:56:59;27.05.2021 10:57:00;1605,53955078125;100;1,7066667079925537;
27.05.2021 10:57:00;27.05.2021 10:57:01;1585,0465087890625;57,331588745117187;1,7066667079925537;
27.05.2021 10:57:01;27.05.2021 10:57:02;1551,302490234375;57,331588745117187;1,7066667079925537;
27.05.2021 10:57:02;27.05.2021 10:57:03;1466,6024169921875;57,331588745117187;1,7066667079925537;
27.05.2021 10:57:03;27.05.2021 10:57:04;1482,30322265625;57,331588745117187;1,7066667079925537;
27.05.2021 10:57:04;27.05.2021 10:57:05;1419,1019287109375;57,331588745117187;1,7066667079925537;
27.05.2021 10:57:05;27.05.2021 10:57:06;1336,8797607421875;57,331588745117187;1,7066667079925537;
27.05.2021 10:57:06;27.05.2021 10:57:07;1380,71728515625;57,331588745117187;1,7066667079925537;
27.05.2021 10:57:07;27.05.2021 10:57:08;1355,3692626953125;57,331588745117187;1,7066667079925537;
27.05.2021 10:57:08;27.05.2021 10:57:09;1380,54443359375;57,331588745117187;1,7066667079925537;
27.05.2021 10:57:09;27.05.2021 10:57:10;1485,6177978515625;57,331588745117187;1,7066667079925537;
27.05.2021 10:57:10;27.05.2021 10:57:11;1511,5992431640625;0,003412570571526885;1,7066667079925537;
27.05.2021 10:57:11;27.05.2021 10:57:12;1465,3458251953125;0,003412570571526885;1,7066667079925537;
27.05.2021 10:57:12;27.05.2021 10:57:13;1921,1151123046875;0,003412570571526885;1,7066667079925537;
27.05.2021 10:57:13;27.05.2021 10:57:14;5480,55615234375;0,003412570571526885;1,7066667079925537;
27.05.2021 10:57:14;27.05.2021 10:57:15;7696,23779296875;0,003412570571526885;1,7066667079925537;
27.05.2021 10:57:15;27.05.2021 10:57:16;5908,005859375;0,003412570571526885;1,7066667079925537;
27.05.2021 10:57:16;27.05.2021 10:57:17;5911,63818359375;0,003412570571526885;1,7066667079925537;
27.05.2021 10:57:17;27.05.2021 10:57:18;5880,556640625;0,003412570571526885;1,7066667079925537;
27.05.2021 10:57:18;27.05.2021 10:57:19;3477,563232421875;0,003412570571526885;1,7066667079925537;
27.05.2021 10:57:19;27.05.2021 10:57:20;651,159912109375;0,003412570571526885;1,7066667079925537;
27.05.2021 10:57:20;27.05.2021 10:57:21;651,845703125;0;1,7066667079925537;
27.05.2021 10:57:21;27.05.2021 10:57:22;765,998779296875;0;1,7066667079925537;
27.05.2021 10:57:22;27.05.2021 10:57:23;860,18426513671875;0;1,7066667079925537;
27.05.2021 10:57:23;27.05.2021 10:57:24;831,07830810546875;0;1,7066667079925537;
27.05.2021 10:57:24;27.05.2021 10:57:25;840,21258544921875;0;1,7066667079925537;
27.05.2021 10:57:25;27.05.2021 10:57:26;876,0897216796875;0;1,7066667079925537;
27.05.2021 10:57:26;27.05.2021 10:57:27;933,95526123046875;0;1,7066667079925537;
27.05.2021 10:57:27;27.05.2021 10:57:28;1009,5807495117187;0;1,7066667079925537;
27.05.2021 10:57:28;27.05.2021 10:57:29;1087,1329345703125;0;1,7066667079925537;
27.05.2021 10:57:29;27.05.2021 10:57:30;1132,900146484375;0;1,7066667079925537;
27.05.2021 10:57:30;27.05.2021 10:57:31;1148,29443359375;0;1,7066667079925537;
27.05.2021 10:57:31;27.05.2021 10:57:32;1214,4395751953125;0;1,7066667079925537;
27.05.2021 10:57:32;27.05.2021 10:57:33;1300,7305908203125;0;1,7066667079925537;
27.05.2021 10:57:33;27.05.2021 10:57:34;1360,33837890625;0;1,7066667079925537;
27.05.2021 10:57:34;27.05.2021 10:57:35;1430,20654296875;0;1,7066667079925537;
27.05.2021 10:57:35;27.05.2021 10:57:36;1526,511474609375;0;1,7066667079925537;
27.05.2021 10:57:36;27.05.2021 10:57:37;1615,986083984375;0;1,7066667079925537;
27.05.2021 10:57:37;27.05.2021 10:57:38;1701,54248046875;0;1,7066667079925537;
27.05.2021 10:57:38;27.05.2021 10:57:39;1803,6204833984375;0;1,7066667079925537;
27.05.2021 10:57:39;27.05.2021 10:57:40;1920,6851806640625;0;1,7066667079925537;
27.05.2021 10:57:40;27.05.2021 10:57:41;2048,109130859375;0;1,7066667079925537;
27.05.2021 10:57:41;27.05.2021 10:57:42;2189,8642578125;0;1,7066667079925537;
27.05.2021 10:57:42;27.05.2021 10:57:43;2354,60791015625;0;1,7066667079925537;
27.05.2021 10:57:43;27.05.2021 10:57:44;2527,40625;0;1,7066667079925537;
27.05.2021 10:57:44;27.05.2021 10:57:45;2740,884765625;0;1,7066667079925537;
27.05.2021 10:57:45;27.05.2021 10:57:46;2968,499267578125;0;1,7066667079925537;
27.05.2021 10:57:46;27.05.2021 10:57:47;3215,930419921875;0;1,7066667079925537;
27.05.2021 10:57:47;27.05.2021 10:57:48;3511,2890625;0;1,7066667079925537;
27.05.2021 10:57:48;27.05.2021 10:57:49;3842,607177734375;0;1,7066667079925537;
27.05.2021 10:57:49;27.05.2021 10:57:50;3948,9140625;0;1,7066667079925537;
27.05.2021 10:57:50;27.05.2021 10:57:51;3123,1953125;0;1,7001112699508667;
27.05.2021 10:57:51;27.05.2021 10:57:52;3134,5712890625;0;1,7001112699508667;
27.05.2021 10:57:52;27.05.2021 10:57:53;3577,66064453125;0;1,7001112699508667;
27.05.2021 10:57:53;27.05.2021 10:57:54;3543,730712890625;0;1,7001112699508667;
27.05.2021 10:57:54;27.05.2021 10:57:55;3533,287841796875;0;1,7001112699508667;
27.05.2021 10:57:55;27.05.2021 10:57:56;3640,04443359375;0;1,7001112699508667;
27.05.2021 10:57:56;27.05.2021 10:57:57;3711,80859375;0;1,7001112699508667;
27.05.2021 10:57:57;27.05.2021 10:57:58;3794,813720703125;0;1,7001112699508667;
27.05.2021 10:57:58;27.05.2021 10:57:59;3868,507080078125;0;1,7001112699508667;
27.05.2021 10:57:59;27.05.2021 10:58:00;3930,313232421875;0;1,7001112699508667;
